City_ID,City,Country,Date,Lat,Lng,Max Temp,Humidity,Cloudiness,Wind Speed
0,Georgetown,MY,2021-01-17 04:02:21,5.4112,100.3354,84.2,74,20,8.05
1,Channel-Port Aux Basques,CA,2021-01-17 04:05:17,47.5702,-59.1367,32.23,93,100,27.11
2,Sechura,PE,2021-01-17 04:05:17,-5.5569,-80.8222,72.16,79,98,9.95
3,Mataura,NZ,2021-01-17 04:05:17,-46.1927,168.8643,57.99,89,98,5.26
4,Linhares,BR,2021-01-17 04:00:48,-19.3911,-40.0722,70.86,94,74,0.67
5,Castro,BR,2021-01-17 04:05:17,-24.7911,-50.0119,65.73,96,100,7.67
6,Punta Arenas,CL,2021-01-17 04:02:17,-53.15,-70.9167,50.0,76,75,3.44
7,Zhigansk,RU,2021-01-17 04:05:17,66.7697,123.3711,-38.51,81,99,5.93
8,Saint-Philippe,RE,2021-01-17 04:05:17,-21.3585,55.7679,84.2,70,0,4.61
9,Longyearbyen,SJ,2021-01-17 04:05:17,78.2186,15.6401,21.2,86,75,6.91
10,Okhotsk,RU,2021-01-17 04:05:17,59.3833,143.3,-13.11,81,32,14.67
11,Meadow Lake,US,2021-01-17 04:05:17,34.8014,-106.5436,46.4,31,1,10.36
12,Puerto Escondido,MX,2021-01-17 04:05:18,15.85,-97.0667,75.54,78,28,4.05
13,Rikitea,PF,2021-01-17 04:05:18,-23.1203,-134.9692,79.21,68,41,7.25
14,Bluff,NZ,2021-01-17 04:05:18,-46.6,168.3333,58.23,71,100,17.36
15,Vanersborg,SE,2021-01-17 04:05:18,58.3807,12.3234,24.8,100,90,2.3
16,Carnarvon,AU,2021-01-17 04:05:18,-24.8667,113.6333,91.4,58,75,17.27
17,Atuona,PF,2021-01-17 04:05:18,-9.8,-139.0333,77.65,76,1,13.53
18,Ewa Beach,US,2021-01-17 04:05:19,21.3156,-158.0072,78.8,65,40,6.91
19,Victoria,HK,2021-01-17 04:05:07,22.2855,114.1577,64.0,52,39,1.01
20,Bandarbeyla,SO,2021-01-17 04:05:19,9.4942,50.8122,73.27,72,0,10.0
21,Araouane,ML,2021-01-17 04:05:20,18.9048,-3.5265,57.79,31,94,13.98
22,Avarua,CK,2021-01-17 04:05:20,-21.2078,-159.775,84.2,70,75,3.44
23,Tiksi,RU,2021-01-17 04:05:20,71.6872,128.8694,-19.52,88,100,9.08
24,New Norfolk,AU,2021-01-17 04:05:20,-42.7826,147.0587,66.2,42,75,19.57
25,Saint Anthony,US,2021-01-17 04:05:20,45.0205,-93.218,26.01,74,90,10.36
26,Busselton,AU,2021-01-17 04:05:20,-33.65,115.3333,86.0,31,0,5.99
27,Kozhevnikovo,RU,2021-01-17 04:05:20,56.2589,83.9714,16.0,80,100,11.99
28,Arlit,NE,2021-01-17 04:05:20,18.7369,7.3853,66.34,22,0,7.94
29,Ternate,ID,2021-01-17 04:05:21,0.8,127.4,80.8,76,100,4.94
30,Narsaq,GL,2021-01-17 04:05:21,60.9167,-46.05,21.2,53,90,3.44
31,Ushuaia,AR,2021-01-17 04:05:21,-54.8,-68.3,50.0,76,40,17.27
32,Babayurt,RU,2021-01-17 04:05:21,43.6002,46.7789,38.66,85,100,15.26
33,La Peca,PE,2021-01-17 04:05:21,-5.6111,-78.435,69.71,81,90,1.57
34,Jamestown,US,2021-01-17 04:05:21,42.097,-79.2353,30.0,86,90,17.27
35,Keti Bandar,PK,2021-01-17 04:05:21,24.1447,67.4497,68.65,20,0,6.11
36,Moron,AR,2021-01-17 04:03:24,-34.6534,-58.6198,66.0,93,40,4.0
37,San Patricio,US,2021-01-17 04:05:22,28.017,-97.5169,53.01,81,40,9.22
38,Pemangkat,ID,2021-01-17 04:05:23,1.1667,108.9667,82.24,78,100,11.65
39,Beringovskiy,RU,2021-01-17 04:05:23,63.05,179.3167,-8.25,89,100,12.1
40,Salto,UY,2021-01-17 04:02:39,-31.3833,-57.9667,73.99,85,63,7.0
41,East London,ZA,2021-01-17 04:05:23,-33.0153,27.9116,68.0,73,0,10.36
42,Tabas,IR,2021-01-17 04:05:24,33.5959,56.9244,37.4,35,0,4.61
43,Tilichiki,RU,2021-01-17 04:05:24,60.4667,166.1,-23.4,85,3,10.65
44,Chuy,UY,2021-01-17 04:05:24,-33.6971,-53.4616,67.59,94,74,7.25
45,Totolapan,MX,2021-01-17 04:05:24,18.5167,-96.1833,66.0,88,75,3.74
46,Khatanga,RU,2021-01-17 04:05:24,71.9667,102.5,-25.04,86,2,8.72
47,Hvolsvollur,IS,2021-01-17 04:05:24,63.7533,-20.2243,34.39,88,100,9.46
48,Kapaa,US,2021-01-17 04:05:24,22.0752,-159.319,75.99,83,75,8.1
49,Srednekolymsk,RU,2021-01-17 04:05:24,67.45,153.6833,-38.87,80,25,3.09
50,Bambous Virieux,MU,2021-01-17 04:05:25,-20.3428,57.7575,84.0,78,40,8.05
51,Nikolskoye,RU,2021-01-17 04:05:25,59.7035,30.7861,14.0,85,90,8.95
52,Ust-Kut,RU,2021-01-17 04:05:25,56.7938,105.7672,-28.28,79,6,2.17
53,Cabo San Lucas,MX,2021-01-17 04:03:48,22.8909,-109.9124,71.6,63,1,4.61
54,Puerto Ayora,EC,2021-01-17 04:05:25,-0.7393,-90.3518,73.99,96,66,7.07
55,Butaritari,KI,2021-01-17 04:05:25,3.0707,172.7902,81.14,75,63,18.07
56,Carutapera,BR,2021-01-17 04:03:55,-1.195,-46.02,76.32,86,58,3.91
57,Nhulunbuy,AU,2021-01-17 04:05:25,-12.2333,136.7667,84.2,79,40,12.66
58,Cape Town,ZA,2021-01-17 04:02:57,-33.9258,18.4232,64.0,88,0,9.22
59,Hithadhoo,MV,2021-01-17 04:05:25,-0.6,73.0833,81.12,74,97,9.62
60,Alice Springs,AU,2021-01-17 04:05:25,-23.7,133.8833,77.0,27,99,13.8
61,Lake City,US,2021-01-17 04:05:26,30.1897,-82.6393,33.8,93,1,3.6
62,Sungairaya,ID,2021-01-17 04:05:26,0.7,108.9,82.96,72,100,11.18
63,Manuk Mangkaw,PH,2021-01-17 04:05:26,4.8,119.85,75.43,92,100,13.76
64,Rawson,AR,2021-01-17 04:05:26,-43.3002,-65.1023,57.56,62,0,11.86
65,Sao Joao Da Barra,BR,2021-01-17 04:05:26,-21.6403,-41.0511,75.15,86,8,15.48
66,Yellowknife,CA,2021-01-17 04:05:26,62.456,-114.3525,-4.0,84,90,5.75
67,Sirnak,TR,2021-01-17 04:05:26,37.5228,42.4594,34.57,85,84,4.52
68,San Carlos De Bariloche,AR,2021-01-17 04:04:36,-41.1456,-71.3082,55.4,71,0,13.8
69,Merauke,ID,2021-01-17 04:05:27,-8.4667,140.3333,87.75,67,31,7.0
70,Karangasem,ID,2021-01-17 04:05:27,-8.45,115.6167,86.0,70,20,12.66
71,Pevek,RU,2021-01-17 04:05:27,69.7008,170.3133,-21.59,84,28,2.48
72,Kenai,US,2021-01-17 04:05:27,60.5544,-151.2583,36.0,64,1,20.71
73,Darhan,MN,2021-01-17 04:05:27,49.4867,105.9228,1.29,83,82,3.27
74,Samarai,PG,2021-01-17 04:05:27,-10.6167,150.6667,86.07,73,96,17.36
75,Lebu,CL,2021-01-17 04:05:27,-37.6167,-73.65,57.02,84,0,18.66
76,Salalah,OM,2021-01-17 04:05:27,17.0151,54.0924,66.2,22,0,9.22
77,Morrope,PE,2021-01-17 04:05:27,-6.5417,-80.0111,72.73,76,99,12.41
78,Ostrovnoy,RU,2021-01-17 04:05:28,68.0531,39.5131,28.54,98,100,4.63
79,San Quintin,MX,2021-01-17 04:05:28,30.4833,-115.95,62.89,43,0,1.12
80,Okha,RU,2021-01-17 04:05:28,53.5739,142.9478,-12.6,86,14,15.37
81,Lazuri,RO,2021-01-17 04:05:28,47.85,22.8667,19.4,93,75,2.3
82,Yulara,AU,2021-01-17 04:05:28,-25.2406,130.9889,86.0,20,1,12.66
83,Burns Lake,CA,2021-01-17 04:05:28,54.2331,-125.7533,33.8,93,68,3.44
84,Ovsyanka,RU,2021-01-17 04:05:28,55.9575,92.5519,15.8,73,0,2.24
85,Kaitangata,NZ,2021-01-17 04:05:28,-46.2817,169.8464,61.0,76,88,8.99
86,Tyup,KG,2021-01-17 04:05:28,42.7276,78.3648,26.71,75,0,2.64
87,Yerbogachen,RU,2021-01-17 04:05:28,61.2767,108.0108,-43.98,78,54,3.29
88,Ilo,PE,2021-01-17 04:05:29,-17.6394,-71.3375,69.03,78,83,3.51
89,Barrow,US,2021-01-17 04:01:05,71.2906,-156.7887,-0.4,78,90,20.71
90,Arraial Do Cabo,BR,2021-01-17 04:05:29,-22.9661,-42.0278,75.43,84,27,29.15
91,Severo-Kurilsk,RU,2021-01-17 04:05:29,50.6789,156.125,33.28,94,100,3.24
92,Bathsheba,BB,2021-01-17 04:05:29,13.2167,-59.5167,78.8,73,20,14.97
93,Hilo,US,2021-01-17 04:05:15,19.7297,-155.09,75.2,73,1,8.05
94,Soria,ES,2021-01-17 04:05:29,41.6667,-2.6667,32.0,100,0,5.93
95,Airai,TL,2021-01-17 04:05:29,-8.9266,125.4092,72.55,82,97,0.74
96,Albany,US,2021-01-17 04:05:29,42.6001,-73.9662,36.0,68,100,1.99
97,Bontang,ID,2021-01-17 04:05:29,0.1333,117.5,80.74,72,100,6.24
98,Constantine,DZ,2021-01-17 04:05:29,36.365,6.6147,39.2,81,75,8.05
99,Qaanaaq,GL,2021-01-17 04:05:30,77.484,-69.3632,4.03,82,43,4.68
100,Faanui,PF,2021-01-17 04:05:30,-16.4833,-151.75,81.46,78,0,12.66
101,Codrington,AU,2021-01-17 04:05:30,-38.2667,141.9667,62.74,57,22,14.54
102,Sibu,MY,2021-01-17 04:05:30,2.3,111.8167,84.2,74,40,8.05
103,Flagstaff,US,2021-01-17 04:02:20,35.1981,-111.6513,35.01,32,1,9.22
104,Bengkulu,ID,2021-01-17 04:05:30,-3.8004,102.2655,85.24,56,100,3.76
105,Lorengau,PG,2021-01-17 04:05:30,-2.0226,147.2712,83.91,79,97,12.73
106,Bredasdorp,ZA,2021-01-17 04:05:30,-34.5322,20.0403,62.6,82,0,4.61
107,Nadvoitsy,RU,2021-01-17 04:05:30,63.8667,34.3167,21.29,98,100,6.11
108,Lichinga,MZ,2021-01-17 04:05:30,-13.3128,35.2406,62.38,94,91,2.3
109,Tasiilaq,GL,2021-01-17 04:05:31,65.6145,-37.6368,28.4,93,90,4.61
110,Nouakchott,MR,2021-01-17 04:03:22,18.0858,-15.9785,62.6,10,100,6.91
111,Charagua,BO,2021-01-17 04:05:31,-19.8,-63.2167,69.24,94,100,2.59
112,Kavieng,PG,2021-01-17 04:05:31,-2.5744,150.7967,84.74,72,25,17.92
113,Pisco,PE,2021-01-17 04:05:31,-13.7,-76.2167,68.0,83,0,16.11
114,Ahipara,NZ,2021-01-17 04:05:31,-35.1667,173.1667,72.54,79,70,13.89
115,Tuktoyaktuk,CA,2021-01-17 04:05:31,69.4541,-133.0374,-2.2,84,90,5.75
116,Nome,US,2021-01-17 04:05:31,64.5011,-165.4064,10.4,67,40,3.44
117,Port Elizabeth,ZA,2021-01-17 04:05:03,-33.918,25.5701,68.0,77,90,13.8
118,Tuatapere,NZ,2021-01-17 04:05:31,-46.1333,167.6833,57.69,78,97,8.95
119,Celestun,MX,2021-01-17 04:05:31,20.8667,-90.4,65.3,68,8,8.32
120,Chemax,MX,2021-01-17 04:05:32,20.65,-87.9333,58.48,87,87,2.24
121,Berlevag,NO,2021-01-17 04:05:32,70.8578,29.0864,33.85,92,100,14.99
122,Hamilton,US,2021-01-17 04:05:32,39.1834,-84.5333,35.6,80,90,9.22
123,Salinopolis,BR,2021-01-17 04:02:01,-0.6136,-47.3561,78.89,81,21,8.12
124,Dikson,RU,2021-01-17 04:05:32,73.5069,80.5464,-29.38,84,3,10.76
125,Hofn,IS,2021-01-17 04:05:32,64.2539,-15.2082,39.74,71,100,14.52
126,Vaini,TO,2021-01-17 04:05:32,-21.2,-175.2,86.0,79,75,9.22
127,Tobermory,CA,2021-01-17 04:05:32,45.2501,-81.6665,33.8,93,100,16.11
128,Den Helder,NL,2021-01-17 04:05:32,52.9599,4.7593,42.01,100,75,4.61
129,Phan Thiet,VN,2021-01-17 04:05:32,10.9333,108.1,80.06,60,82,4.99
130,Hualmay,PE,2021-01-17 04:01:27,-11.0964,-77.6139,70.38,84,100,5.61
131,Shetpe,KZ,2021-01-17 04:05:32,44.1667,52.1167,32.83,93,29,6.15
132,Nelson Bay,AU,2021-01-17 04:05:33,-32.7167,152.15,77.0,35,27,16.11
133,Kruisfontein,ZA,2021-01-17 04:05:33,-34.0033,24.7314,66.99,76,11,1.99
134,Hermanus,ZA,2021-01-17 04:05:33,-34.4187,19.2345,57.99,95,0,4.76
135,Thompson,CA,2021-01-17 04:05:33,55.7435,-97.8558,3.2,85,90,13.8
136,Sakakah,SA,2021-01-17 04:05:33,29.9697,40.2064,46.4,61,0,7.76
137,Pokhara,NP,2021-01-17 04:05:33,28.2333,83.9833,61.57,53,10,3.94
138,Flin Flon,CA,2021-01-17 04:05:33,54.7682,-101.865,4.26,93,100,8.1
139,Riviera Beach,US,2021-01-17 04:05:33,26.7753,-80.0581,57.99,71,1,6.91
140,Iqaluit,CA,2021-01-17 04:05:33,63.7506,-68.5145,-5.8,71,75,4.94
141,Muros,ES,2021-01-17 04:05:33,42.7762,-9.0603,48.0,93,36,1.01
142,Roald,NO,2021-01-17 04:05:33,62.5833,6.1333,35.6,48,90,17.27
143,Trairi,BR,2021-01-17 04:05:34,-3.2778,-39.2689,78.08,84,80,8.66
144,Isangel,VU,2021-01-17 04:05:34,-19.55,169.2667,86.0,84,75,8.05
145,Changping,CN,2021-01-17 04:05:34,40.2186,116.2197,33.8,16,0,6.71
146,Peniche,PT,2021-01-17 04:05:34,39.3558,-9.3811,44.01,76,0,3.0
147,Itabirito,BR,2021-01-17 04:05:34,-20.2533,-43.8014,64.0,91,100,4.07
148,Shitkino,RU,2021-01-17 04:05:34,56.3703,98.3543,1.94,92,100,6.49
149,Ribeira Grande,PT,2021-01-17 04:05:35,38.5167,-28.7,62.53,92,100,29.1
150,Bristol,US,2021-01-17 04:05:35,41.8334,-71.1662,37.99,78,70,4.0
151,Mulege,MX,2021-01-17 04:05:35,26.8833,-111.9833,57.83,46,0,3.69
152,Udachnyy,RU,2021-01-17 04:05:35,66.4167,112.4,-30.75,81,100,12.93
153,Severobaykalsk,RU,2021-01-17 04:05:35,55.65,109.3167,-15.47,76,12,4.29
154,Kalemie,CD,2021-01-17 04:05:35,-5.9475,29.1947,68.68,78,91,4.5
155,Carupano,VE,2021-01-17 04:05:35,10.6678,-63.2585,74.88,86,31,11.03
156,Ankazoabo,MG,2021-01-17 04:05:35,-22.2833,44.5167,78.75,74,56,1.07
157,Pangody,RU,2021-01-17 04:05:36,65.85,74.4859,-7.65,90,100,15.3
158,Troitsko-Pechorsk,RU,2021-01-17 04:05:36,62.7084,56.1964,-13.11,89,66,5.93
159,Axim,GH,2021-01-17 04:05:36,4.8699,-2.2405,78.12,85,60,5.35
160,Half Moon Bay,US,2021-01-17 04:05:36,37.4636,-122.4286,55.4,100,90,5.75
161,Lasa,IT,2021-01-17 04:05:36,46.6166,10.7002,19.99,79,0,5.75
162,Jiwani,PK,2021-01-17 04:05:36,25.05,61.7417,67.82,60,0,2.53
163,Geraldton,AU,2021-01-17 04:04:06,-28.7667,114.6,96.8,26,94,20.71
164,Dharchula,IN,2021-01-17 04:05:36,29.85,80.5333,64.53,22,0,2.1
165,Camocim,BR,2021-01-17 04:05:36,-2.9022,-40.8411,76.96,88,79,8.88
166,Kalmunai,LK,2021-01-17 04:05:36,7.4167,81.8167,78.42,84,77,8.39
167,Hobart,AU,2021-01-17 04:05:36,-42.8794,147.3294,66.2,42,75,19.57
168,Tura,IN,2021-01-17 04:05:36,25.5198,90.2201,71.73,40,37,0.87
169,Port Alfred,ZA,2021-01-17 04:05:36,-33.5906,26.891,66.0,94,31,4.0
170,Tupik,RU,2021-01-17 04:05:37,54.4253,119.9327,-14.67,75,100,10.0
171,Fairbanks,US,2021-01-17 04:01:52,64.8378,-147.7164,-4.0,77,1,3.4
172,Jalu,LY,2021-01-17 04:05:37,29.0331,21.5482,49.06,61,0,11.77
173,Katobu,ID,2021-01-17 04:05:37,-4.9408,122.5276,80.82,85,100,4.45
174,Guerrero Negro,MX,2021-01-17 04:05:37,27.9769,-114.0611,63.14,53,0,8.81
175,Yar-Sale,RU,2021-01-17 04:05:37,66.8333,70.8333,-8.0,90,100,12.88
176,Ballina,AU,2021-01-17 04:05:37,-28.8667,153.5667,84.2,54,4,12.66
177,Sao Filipe,CV,2021-01-17 04:05:37,14.8961,-24.4956,71.42,72,90,10.38
178,Kavaratti,IN,2021-01-17 04:05:37,10.5669,72.642,81.91,76,3,8.52
179,Moussoro,TD,2021-01-17 04:05:37,13.6408,16.4901,65.16,26,4,10.4
180,Xifeng,CN,2021-01-17 04:05:37,42.7372,124.7222,9.28,86,0,15.75
181,Klaksvik,FO,2021-01-17 04:05:37,62.2266,-6.589,42.8,87,75,23.02
182,Chokurdakh,RU,2021-01-17 04:05:37,70.6333,147.9167,-19.25,87,100,11.72
183,Oxapampa,PE,2021-01-17 04:05:37,-10.5775,-75.4017,60.64,90,100,1.7
184,Norman Wells,CA,2021-01-17 04:05:38,65.282,-126.8329,-13.0,77,1,3.44
185,Kodiak,US,2021-01-17 04:00:41,57.79,-152.4072,37.4,100,90,8.88
186,Saint George,US,2021-01-17 04:05:38,37.1041,-113.5841,51.01,40,1,3.44
187,Constitucion,CL,2021-01-17 04:05:38,-35.3333,-72.4167,59.94,64,0,10.31
188,Mabaruma,GY,2021-01-17 04:05:38,8.2,-59.7833,71.96,98,79,2.75
189,Hami,CN,2021-01-17 04:05:38,42.8,93.45,23.65,63,0,2.86
190,Rio Tercero,AR,2021-01-17 04:05:38,-32.173,-64.1141,57.99,86,0,1.99
191,Saint-Joseph,RE,2021-01-17 04:05:38,-21.3667,55.6167,84.2,70,0,4.61
192,Morant Bay,JM,2021-01-17 04:05:38,17.8815,-76.4093,78.8,78,20,5.75
193,Avera,US,2021-01-17 04:05:38,33.194,-82.5271,32.0,93,1,7.7
194,Sembakung,ID,2021-01-17 04:05:39,3.8167,117.25,78.8,83,75,4.61
195,Luganville,VU,2021-01-17 04:05:39,-15.5333,167.1667,83.23,73,93,7.23
196,Namibe,AO,2021-01-17 04:05:39,-15.1961,12.1522,71.11,76,64,4.56
197,Talnakh,RU,2021-01-17 04:05:39,69.4865,88.3972,-25.37,68,0,6.76
198,Skjervoy,NO,2021-01-17 04:05:39,70.0311,20.9714,36.75,91,100,16.87
199,Quelimane,MZ,2021-01-17 04:05:39,-17.8786,36.8883,80.6,94,0,5.75
200,Mahebourg,MU,2021-01-17 04:05:39,-20.4081,57.7,80.6,78,40,8.05
201,Perth,AU,2021-01-17 04:05:36,-31.9333,115.8333,91.99,20,0,24.16
202,Vestmannaeyjar,IS,2021-01-17 04:05:39,63.4427,-20.2734,40.03,71,100,27.38
203,Tarpon Springs,US,2021-01-17 04:00:53,28.1461,-82.7568,59.0,62,64,5.75
204,Hervey Bay,AU,2021-01-17 04:05:39,-25.2986,152.8535,89.6,51,40,10.36
205,Marzuq,YE,2021-01-17 04:05:39,14.4,46.4667,56.91,37,7,1.28
206,Northam,GB,2021-01-17 04:05:39,51.0333,-4.2167,46.0,81,67,5.99
207,Tevaitoa,PF,2021-01-17 04:05:40,-16.7833,-151.5,81.82,75,1,12.57
208,Harper,LR,2021-01-17 04:03:21,4.375,-7.7169,77.58,83,0,5.64
209,Zhangye,CN,2021-01-17 04:05:40,38.9342,100.4517,26.6,71,0,6.96
210,Sanda,JP,2021-01-17 04:03:35,34.8833,135.2333,48.2,46,75,8.05
211,Fortuna,US,2021-01-17 04:05:40,40.5982,-124.1573,50.0,100,90,2.93
212,Saskylakh,RU,2021-01-17 04:05:40,71.9167,114.0833,-26.34,84,87,7.07
213,Padang,ID,2021-01-17 04:05:40,-0.9492,100.3543,87.8,58,20,4.61
214,Souillac,MU,2021-01-17 04:05:40,-20.5167,57.5167,80.6,78,40,8.05
215,Mubende,UG,2021-01-17 04:05:40,0.5606,31.39,62.94,86,96,0.72
216,Poum,NC,2021-01-17 04:05:41,-20.2333,164.0167,83.23,81,87,9.95
217,Mayumba,GA,2021-01-17 04:05:41,-3.432,10.6554,76.62,83,79,4.36
218,Kangaba,ML,2021-01-17 04:05:41,11.9333,-8.4167,66.83,23,100,7.61
219,Mareeba,AU,2021-01-17 04:05:41,-17.0,145.4333,81.0,80,99,8.99
220,Clyde River,CA,2021-01-17 04:05:41,70.4692,-68.5914,3.2,92,90,27.63
221,Khandyga,RU,2021-01-17 04:05:41,62.6667,135.6,-38.76,80,100,1.12
222,Mount Isa,AU,2021-01-17 04:05:41,-20.7333,139.5,98.6,14,0,10.36
223,Katsuura,JP,2021-01-17 04:05:41,35.1333,140.3,48.0,43,100,3.0
224,Iaciara,BR,2021-01-17 04:05:41,-14.0958,-46.6317,69.33,92,99,1.48
225,Chardara,KZ,2021-01-17 04:05:41,41.2547,67.9692,40.57,68,0,7.11
226,Bethel,US,2021-01-17 04:05:41,41.3712,-73.414,34.0,74,20,4.61
227,Nagapattinam,IN,2021-01-17 04:05:41,10.7667,79.8333,78.13,70,0,8.41
228,Jaypur,IN,2021-01-17 04:05:41,18.85,82.5833,74.68,41,0,2.19
229,Teahupoo,PF,2021-01-17 04:05:42,-17.8333,-149.2667,86.0,54,40,5.75
230,Askiz,RU,2021-01-17 04:05:42,53.1319,90.5264,10.56,92,98,1.68
231,Touros,BR,2021-01-17 04:05:42,-5.1989,-35.4608,77.0,73,40,5.75
232,Zalantun,CN,2021-01-17 04:05:42,48.0,122.7167,1.36,80,100,2.28
233,Izhma,RU,2021-01-17 04:05:42,65.0083,53.9113,-14.1,89,89,4.9
234,Yarada,IN,2021-01-17 04:05:42,17.65,83.2667,75.2,88,20,2.3
235,Santa Cruz,BO,2021-01-17 04:05:42,-17.8,-63.1667,75.2,94,75,13.8
236,Malindi,KE,2021-01-17 04:05:42,-3.2175,40.1191,76.17,87,26,3.87
237,Betong,TH,2021-01-17 04:02:24,5.7743,101.0723,84.47,53,100,2.33
238,Upernavik,GL,2021-01-17 04:05:43,72.7868,-56.1549,9.75,82,0,6.58
239,Chicama,PE,2021-01-17 04:05:43,-7.8447,-79.1469,71.31,79,98,3.58
240,Denpasar,ID,2021-01-17 04:01:37,-8.65,115.2167,86.0,70,20,12.66
241,Santa Isabel Do Rio Negro,BR,2021-01-17 04:05:43,-0.4139,-65.0192,75.25,89,48,2.21
242,Mount Gambier,AU,2021-01-17 04:05:43,-37.8333,140.7667,68.0,45,10,13.8
243,Vanimo,PG,2021-01-17 04:05:43,-2.6741,141.3028,86.99,63,100,8.46
244,Leningradskiy,RU,2021-01-17 04:05:43,69.3833,178.4167,-22.45,85,100,4.14
245,Nanpiao,CN,2021-01-17 04:05:43,41.0982,120.7479,22.55,61,0,12.39
246,Marrakesh,MA,2021-01-17 04:05:44,31.6315,-8.0083,44.6,70,0,2.3
247,Leh,IN,2021-01-17 04:05:44,34.1667,77.5833,15.21,56,0,2.06
248,Yei,SS,2021-01-17 04:05:44,4.095,30.6779,68.85,35,74,2.75
249,Kiama,AU,2021-01-17 04:05:44,-34.6833,150.8667,75.2,46,25,9.22
250,Olafsvik,IS,2021-01-17 04:05:44,64.8945,-23.7142,36.34,93,100,15.93
251,Blythe,US,2021-01-17 04:05:45,33.6103,-114.5964,66.2,18,1,6.91
252,Acapulco,MX,2021-01-17 04:02:52,16.8634,-99.8901,77.0,88,75,2.3
253,La Ronge,CA,2021-01-17 04:05:45,55.1001,-105.2842,6.8,85,56,4.61
254,Willowmore,ZA,2021-01-17 04:05:45,-33.2926,23.4895,59.83,70,22,1.1
255,Rio Gallegos,AR,2021-01-17 04:03:16,-51.6226,-69.2181,55.4,76,75,10.36
256,Murray Bridge,AU,2021-01-17 04:05:45,-35.1167,139.2667,66.0,75,51,16.69
257,Bacalar,MX,2021-01-17 04:05:45,18.6667,-88.3833,65.28,77,99,4.25
258,Andilamena,MG,2021-01-17 04:05:46,-17.0167,48.5833,68.41,88,96,2.46
259,Carbonia,IT,2021-01-17 04:05:46,39.1672,8.5222,41.0,100,0,5.75
260,Bose,IT,2021-01-17 04:05:46,45.4612,8.0137,30.0,90,52,0.09
261,Cozumel,MX,2021-01-17 04:05:46,20.5083,-86.9458,69.01,75,87,3.0
262,Egvekinot,RU,2021-01-17 04:05:46,66.3167,-179.1667,-15.41,86,100,13.33
263,Westport,US,2021-01-17 04:05:46,41.1415,-73.3579,36.0,69,1,8.05
264,Lata,PT,2021-01-17 04:05:46,40.1629,-8.3327,43.0,93,20,1.14
265,Abu Kamal,SY,2021-01-17 04:05:46,34.4506,40.9171,50.38,63,2,9.15
266,Mar Del Plata,AR,2021-01-17 04:01:29,-38.0023,-57.5575,64.4,77,90,3.44
267,Kologriv,RU,2021-01-17 04:05:46,58.8275,44.3178,-8.73,90,100,7.78
268,Paraul,RU,2021-01-17 04:05:47,42.7419,47.3553,39.2,93,90,4.79
269,Jermuk,AM,2021-01-17 04:05:47,39.8417,45.6723,20.41,84,5,3.62
270,Porvoo,FI,2021-01-17 04:05:47,60.3923,25.6651,3.2,92,75,5.75
271,Sitka,US,2021-01-17 04:03:30,57.0531,-135.33,44.6,76,90,16.11
272,Kontagora,NG,2021-01-17 04:05:47,10.3999,5.4695,69.03,20,1,7.36
273,Intipuca,SV,2021-01-17 04:05:47,13.1969,-88.0544,79.34,61,78,4.32
274,Herat,AF,2021-01-17 04:05:47,34.5,62.0,37.4,44,0,5.75
275,Vila Velha,BR,2021-01-17 04:02:20,-20.3297,-40.2925,75.2,83,0,3.44
276,Kokopo,PG,2021-01-17 04:05:47,-4.352,152.2633,85.78,63,67,4.56
277,San Jose,US,2021-01-17 04:05:19,37.3394,-121.895,59.0,76,40,2.35
278,Luau,AO,2021-01-17 04:05:47,-10.7073,22.2247,61.54,99,98,2.33
279,Cururupu,BR,2021-01-17 04:02:21,-1.8283,-44.8683,74.68,92,63,1.72
280,Pangnirtung,CA,2021-01-17 04:05:48,66.1451,-65.7125,-2.09,88,100,4.74
281,Cherskiy,RU,2021-01-17 04:05:48,68.75,161.3,-21.57,87,100,3.42
282,Kipini,KE,2021-01-17 04:05:48,-2.5257,40.5262,75.27,90,9,5.37
283,Isla Mujeres,MX,2021-01-17 04:05:48,21.2311,-86.731,69.01,82,1,4.61
284,Bilma,NE,2021-01-17 04:05:48,18.6853,12.9164,61.77,30,1,10.36
285,Kawalu,ID,2021-01-17 04:05:48,-7.3817,108.2082,89.02,50,88,2.77
286,Russell,US,2021-01-17 04:05:48,32.3502,-85.1999,33.8,86,1,3.04
287,Provideniya,RU,2021-01-17 04:05:48,64.3833,-173.3,-2.2,71,40,13.42
288,Nakano,JP,2021-01-17 04:05:10,36.75,138.3667,37.0,70,100,2.08
289,Huicungo,PE,2021-01-17 04:05:48,-7.2833,-76.8,73.71,81,68,1.32
290,Edd,ER,2021-01-17 04:05:48,13.9297,41.6925,74.19,53,5,4.83
291,Waipawa,NZ,2021-01-17 04:05:48,-41.4122,175.5153,71.6,60,71,26.46
292,Cam Ranh,VN,2021-01-17 04:05:48,11.9214,109.1591,78.8,61,20,18.41
293,Ratholo,BW,2021-01-17 04:05:49,-22.7245,27.572,71.22,86,70,3.65
294,Kailua,US,2021-01-17 04:05:49,21.4022,-157.7394,78.8,69,75,6.91
295,Kungalv,SE,2021-01-17 04:05:49,57.871,11.9805,27.0,95,84,4.54
296,Vostok,RU,2021-01-17 04:05:49,46.4856,135.8833,-0.89,84,81,3.15
297,Seoul,KR,2021-01-17 04:04:04,37.5683,126.9778,26.6,28,0,2.3
298,Almeria,ES,2021-01-17 04:05:49,37.1667,-2.3333,46.4,76,0,12.66
299,Zhaotong,CN,2021-01-17 04:05:49,27.3167,103.7167,27.77,93,100,4.79
300,Mindelo,CV,2021-01-17 04:05:49,16.8901,-24.9804,68.0,68,40,25.32
301,Yamada,JP,2021-01-17 04:05:49,39.4667,141.95,35.74,76,100,12.57
302,Nouadhibou,MR,2021-01-17 04:05:49,20.931,-17.0347,60.8,33,77,14.97
303,Xichang,CN,2021-01-17 04:05:49,27.8964,102.2634,44.01,36,96,5.82
304,Esperance,AU,2021-01-17 04:05:49,-33.8667,121.9,73.4,38,3,12.66
305,Roi Et,TH,2021-01-17 04:05:50,15.75,103.75,80.01,53,4,16.11
306,Port Shepstone,ZA,2021-01-17 04:05:50,-30.7414,30.455,70.3,74,13,7.0
307,Podporozhye,RU,2021-01-17 04:05:50,60.9112,34.1706,-0.89,93,60,4.0
308,Kargasok,RU,2021-01-17 04:05:50,59.0556,80.8572,9.28,94,100,10.87
309,Sembe,CG,2021-01-17 04:05:50,1.6481,14.5806,70.88,85,75,2.28
310,La Asuncion,VE,2021-01-17 04:05:50,11.0333,-63.8628,76.05,87,14,14.72
311,Zverinogolovskoye,RU,2021-01-17 04:05:50,54.4586,64.8542,10.8,93,7,15.1
312,Husavik,IS,2021-01-17 04:05:50,66.0449,-17.3389,32.0,100,20,3.44
313,Kutum,SD,2021-01-17 04:05:50,14.2,24.6667,48.43,44,0,4.45
314,Kuito,AO,2021-01-17 04:05:50,-12.3833,16.9333,57.88,77,96,3.44
315,Dunedin,NZ,2021-01-17 04:05:50,-45.8742,170.5036,64.99,69,45,23.0
316,Yanliang,CN,2021-01-17 04:05:50,34.6592,109.2292,37.0,21,0,13.42
317,Camacha,PT,2021-01-17 04:05:50,33.0833,-16.3333,57.2,88,40,9.22
318,Villa Union,MX,2021-01-17 04:05:51,23.2,-106.2333,64.99,94,1,2.08
319,Lompoc,US,2021-01-17 04:03:13,34.6391,-120.4579,64.0,72,0,6.91
320,Eydhafushi,MV,2021-01-17 04:05:51,5.1033,73.0708,81.27,74,89,10.22
321,Aklavik,CA,2021-01-17 04:05:51,68.2191,-135.0107,-9.4,77,65,5.75
322,Naze,JP,2021-01-17 04:05:51,28.3667,129.4833,57.2,62,75,14.97
323,Kudahuvadhoo,MV,2021-01-17 04:05:51,2.6708,72.8944,81.99,69,80,8.01
324,Pitimbu,BR,2021-01-17 04:05:51,-7.4706,-34.8086,75.2,88,20,3.44
325,Port Moresby,PG,2021-01-17 04:05:51,-9.4431,147.1797,86.67,66,100,6.76
326,Ambilobe,MG,2021-01-17 04:05:51,-13.2,49.05,77.52,89,70,1.88
327,Mosquera,CO,2021-01-17 04:05:51,4.7059,-74.2302,51.8,87,20,2.3
328,Wencheng,CN,2021-01-17 04:05:52,33.0559,113.7978,42.6,46,61,10.47
329,Shimoda,JP,2021-01-17 04:05:52,34.6667,138.95,48.2,66,75,6.91
330,Zlobin,HR,2021-01-17 04:05:52,45.2924,14.6541,36.0,76,100,4.0
331,Praia Da Vitoria,PT,2021-01-17 04:05:52,38.7333,-27.0667,62.6,94,75,24.14
332,Ayan,RU,2021-01-17 04:05:52,56.45,138.1667,-12.15,75,0,6.96
333,Paita,PE,2021-01-17 04:05:52,-5.0892,-81.1144,71.71,81,100,11.25
334,San Jeronimo,PE,2021-01-17 04:05:52,-11.9472,-75.2829,47.77,78,100,2.48
335,Komsomolskiy,UZ,2021-01-17 04:05:52,40.4272,71.7189,33.8,64,0,4.61
336,Saint-Augustin,CA,2021-01-17 04:05:52,51.226,-58.6502,23.2,95,100,10.0
337,Saquena,PE,2021-01-17 04:05:52,-4.6667,-73.5167,74.12,95,100,2.37
338,Lisakovsk,KZ,2021-01-17 04:03:25,52.5369,62.4936,11.97,92,0,15.75
339,Barcelona,ES,2021-01-17 04:03:51,41.3888,2.159,46.99,75,20,8.05
340,Swellendam,ZA,2021-01-17 04:05:53,-34.0226,20.4417,62.6,82,2,4.61
341,Albertville,US,2021-01-17 04:05:33,34.2676,-86.2089,37.4,65,90,3.44
342,Carmen,MX,2021-01-17 04:04:17,18.6333,-91.8333,69.84,76,21,12.41
343,Terrace,CA,2021-01-17 04:05:53,54.5163,-128.6035,35.6,100,90,13.8
344,Bairiki,KI,2021-01-17 04:05:53,1.3292,172.9752,84.2,70,20,17.27
345,Shiojiri,JP,2021-01-17 04:05:53,36.1,137.9667,37.0,80,75,3.44
346,Luderitz,NA,2021-01-17 04:05:53,-26.6481,15.1594,61.52,78,0,9.22
347,San Rafael,AR,2021-01-17 04:05:54,-34.6177,-68.3301,65.44,34,0,4.27
348,Biloela,AU,2021-01-17 04:05:54,-24.4167,150.5,93.42,35,95,7.7
349,Garowe,SO,2021-01-17 04:05:54,8.4054,48.4845,66.7,63,0,5.12
350,Necochea,AR,2021-01-17 04:05:54,-38.5473,-58.7368,62.01,79,92,11.39
351,Ivdel,RU,2021-01-17 04:05:54,60.6911,60.4206,-8.46,90,100,3.42
352,Haines Junction,CA,2021-01-17 04:05:54,60.7522,-137.5108,21.2,93,93,1.14
353,Neiafu,TO,2021-01-17 04:05:54,-18.65,-173.9833,84.2,74,75,6.91
354,Seymchan,RU,2021-01-17 04:05:54,62.8833,152.4333,-39.57,79,49,1.25
355,Kralendijk,BQ,2021-01-17 04:05:54,12.15,-68.2667,75.2,88,48,8.05
356,Hopewell,US,2021-01-17 04:05:54,37.3043,-77.2872,34.0,87,0,4.0
357,Sibolga,ID,2021-01-17 04:03:21,1.7427,98.7792,86.81,50,100,4.03
358,Abha,SA,2021-01-17 04:05:55,18.2164,42.5053,51.8,58,0,8.05
359,Teplodar,UA,2021-01-17 04:05:55,46.5059,30.3252,6.8,72,0,11.18
360,Torbay,CA,2021-01-17 04:03:18,47.6666,-52.7314,33.01,100,90,17.27
361,Xingcheng,CN,2021-01-17 04:05:55,40.6167,120.7167,24.28,66,0,13.44
362,Vilyuysk,RU,2021-01-17 04:05:55,63.7553,121.6247,-40.9,80,98,7.25
363,Omboue,GA,2021-01-17 04:05:55,-1.5746,9.2618,76.62,89,89,6.49
364,Solnechnyy,RU,2021-01-17 04:05:55,50.7214,136.6319,-6.86,85,100,3.44
365,Broome,US,2021-01-17 04:05:55,42.2506,-75.833,32.0,86,90,10.36
366,Brae,GB,2021-01-17 04:05:55,60.3964,-1.353,46.4,81,90,29.93
367,Poya,NC,2021-01-17 04:05:55,-21.35,165.15,82.53,79,100,9.51
368,Comodoro Rivadavia,AR,2021-01-17 04:05:55,-45.8667,-67.5,55.4,82,0,6.53
369,Mokolo,CM,2021-01-17 04:05:56,10.7398,13.8019,64.18,28,29,5.53
370,Batemans Bay,AU,2021-01-17 04:05:56,-35.7167,150.1833,79.0,50,0,1.99
371,Rudnogorsk,RU,2021-01-17 04:05:56,57.2639,103.7519,-31.05,82,82,2.86
372,Ilulissat,GL,2021-01-17 04:05:56,69.2167,-51.1,15.8,48,2,19.57
373,Oia,PT,2021-01-17 04:05:56,40.5426,-8.5386,43.0,86,0,3.65
374,Tikapur,NP,2021-01-17 04:05:56,28.5,81.1333,64.17,42,0,3.38
375,Suez,EG,2021-01-17 04:05:56,29.9737,32.5263,54.05,56,37,6.62
376,Sarkand,KZ,2021-01-17 04:05:56,45.41,79.9186,36.16,66,0,2.86
377,Port-Cartier,CA,2021-01-17 04:05:56,50.0334,-66.8654,28.99,93,100,12.66
378,Grindavik,IS,2021-01-17 04:05:56,63.8424,-22.4338,35.6,80,75,21.85
379,The Valley,AI,2021-01-17 04:05:56,18.217,-63.0578,78.01,78,20,6.91
380,Sao Paulo De Olivenca,BR,2021-01-17 04:05:56,-3.3783,-68.8725,74.03,96,66,1.16
381,Birjand,IR,2021-01-17 04:05:57,32.8663,59.2211,30.2,29,0,6.91
382,Saldanha,ZA,2021-01-17 04:05:57,-33.0117,17.9442,59.0,82,0,1.14
383,Atasu,KZ,2021-01-17 04:05:57,48.6814,71.6433,5.5,95,27,4.29
384,Saint-Gaudens,FR,2021-01-17 04:05:57,43.0833,0.6667,46.4,46,90,9.22
385,Boddam,GB,2021-01-17 04:05:57,57.4667,-1.7833,39.0,75,8,8.05
386,Lavrentiya,RU,2021-01-17 04:05:57,65.5833,-171.0,-10.5,84,86,11.05
387,Tucson,US,2021-01-17 04:05:11,32.2217,-110.9265,64.0,15,1,2.37
388,Upata,VE,2021-01-17 04:05:15,8.0086,-62.3989,68.34,94,15,3.4
389,Port Macquarie,AU,2021-01-17 04:05:57,-31.4333,152.9167,82.99,33,56,1.99
390,Grand Gaube,MU,2021-01-17 04:05:57,-20.0064,57.6608,84.0,72,94,7.0
391,Baykit,RU,2021-01-17 04:05:57,61.67,96.37,-26.86,80,100,4.23
392,Yurovka,RU,2021-01-17 04:05:57,45.1147,37.4188,23.0,80,100,26.84
393,Mnogovershinnyy,RU,2021-01-17 04:05:57,53.9353,139.9242,-13.5,87,2,2.71
394,Bereda,ES,2021-01-17 04:05:57,43.2686,-7.5406,33.01,100,3,5.01
395,Iquique,CL,2021-01-17 04:05:57,-20.2208,-70.1431,69.8,64,0,4.61
396,Cidreira,BR,2021-01-17 04:05:58,-30.1811,-50.2056,75.7,91,100,12.3
397,Uwajima,JP,2021-01-17 04:05:58,33.2238,132.56,46.4,49,40,13.8
398,Esna,EG,2021-01-17 04:05:58,25.2934,32.554,46.4,66,0,2.93
399,Kapit,MY,2021-01-17 04:05:58,2.0167,112.9333,76.37,88,99,1.66
400,Bara,NG,2021-01-17 04:05:58,10.3744,10.7288,63.14,28,42,5.66
401,Camana,PE,2021-01-17 04:05:58,-16.6228,-72.7111,70.25,78,33,5.75
402,Alekseyevsk,RU,2021-01-17 04:05:58,57.8406,108.3492,-36.54,77,48,0.65
403,Namatanai,PG,2021-01-17 04:03:20,-3.6667,152.4333,84.92,68,56,13.29
404,Badnawar,IN,2021-01-17 04:05:58,23.0167,75.2167,66.2,52,40,6.91
405,Port Lincoln,AU,2021-01-17 04:05:58,-34.7333,135.8667,65.41,64,95,12.82
406,Port Blair,IN,2021-01-17 04:05:59,11.6667,92.75,81.75,66,0,15.93
407,San Cristobal,VE,2021-01-17 04:05:59,7.7669,-72.225,64.2,88,52,2.66
408,Kuching,MY,2021-01-17 04:05:59,1.55,110.3333,82.4,83,75,8.05
409,Les Cayes,HT,2021-01-17 04:05:59,18.2,-73.75,73.81,80,100,4.12
410,Farmington,US,2021-01-17 04:05:59,36.7281,-108.2187,35.6,48,1,9.22
411,Elko,US,2021-01-17 04:05:59,41.0002,-115.5012,33.01,80,1,0.07
412,Mbanza-Ngungu,CD,2021-01-17 04:05:59,-5.25,14.8667,65.73,100,94,3.44
413,College,US,2021-01-17 04:05:59,64.8569,-147.8028,-2.2,78,20,3.87
414,Floro,NO,2021-01-17 04:05:59,61.5996,5.0328,39.2,56,90,20.71
415,Aberdeen,GB,2021-01-17 04:03:44,57.1437,-2.0981,39.0,75,15,8.05
416,Bani Walid,LY,2021-01-17 04:06:00,31.7566,13.9942,47.32,72,0,12.77
417,Salamiyah,SY,2021-01-17 04:06:00,35.0113,37.0532,50.94,64,100,10.89
418,Kodinsk,RU,2021-01-17 04:06:00,58.6881,99.1844,-19.64,84,100,3.85
419,Mao,ES,2021-01-17 04:06:00,39.8885,4.2658,51.8,76,0,13.8
420,Dalbandin,PK,2021-01-17 04:06:00,28.8947,64.4101,54.64,29,0,3.8
421,Osa,RU,2021-01-17 04:06:00,57.2829,55.4567,9.43,95,100,8.14
422,Hasaki,JP,2021-01-17 04:06:00,35.7333,140.8333,44.01,56,75,9.22
423,Kaeo,NZ,2021-01-17 04:06:00,-35.1,173.7833,75.0,83,85,7.0
424,Eucaliptus,BO,2021-01-17 04:06:00,-17.5833,-67.5167,47.98,77,100,6.98
425,Inongo,CD,2021-01-17 04:06:01,-1.95,18.2667,72.46,84,99,3.8
426,Kilindoni,TZ,2021-01-17 04:06:01,-7.9139,39.6668,80.51,81,82,12.62
427,Kirakira,SB,2021-01-17 04:06:01,-10.4544,161.9205,85.91,64,67,6.13
428,Maun,BW,2021-01-17 04:06:01,-19.9833,23.4167,68.0,100,75,3.44
429,Kungurtug,RU,2021-01-17 04:06:01,50.5994,97.5228,5.63,85,68,0.94
430,Rocha,UY,2021-01-17 04:06:01,-34.4833,-54.3333,66.69,94,91,4.21
431,Kombissiri,BF,2021-01-17 04:05:02,12.0656,-1.3375,73.4,21,0,6.91
432,Wum,CM,2021-01-17 04:06:01,6.3833,10.0667,63.34,30,80,4.29
433,Lagoa,PT,2021-01-17 04:06:02,39.05,-27.9833,60.85,96,100,18.7
434,Aykhal,RU,2021-01-17 04:06:02,66.0,111.5,-31.52,81,100,5.08
435,Sandane,NO,2021-01-17 04:06:02,61.7728,6.215,39.99,56,90,20.71
436,Chlorakas,CY,2021-01-17 04:06:02,34.8042,32.4083,60.8,72,75,13.8
437,Merrill,US,2021-01-17 04:06:03,45.1805,-89.6835,26.6,86,75,9.22
438,Pochutla,MX,2021-01-17 04:06:03,15.7432,-96.4661,75.0,77,5,1.01
439,Konstantinovka,RU,2021-01-17 04:06:03,49.6167,127.9833,-14.37,87,100,4.54
440,Methoni,GR,2021-01-17 04:06:03,36.8197,21.7049,39.99,87,20,14.67
441,Fukue,JP,2021-01-17 04:04:47,32.6881,128.8419,39.2,65,75,14.97
442,Sinnamary,GF,2021-01-17 04:06:03,5.3833,-52.95,77.86,84,87,12.17
443,Lubango,AO,2021-01-17 04:06:03,-14.9172,13.4925,55.81,38,29,4.76
444,Paracuru,BR,2021-01-17 04:06:03,-3.41,-39.0306,81.0,78,81,20.0
445,Shenzhen,CN,2021-01-17 04:04:31,22.5455,114.0683,66.99,55,35,1.99
446,Tarata,BO,2021-01-17 04:06:04,-17.6167,-66.0167,66.2,68,75,4.76
447,Rawatbhata,IN,2021-01-17 04:06:04,24.9333,75.5833,57.2,82,40,4.88
448,Mangan,IN,2021-01-17 04:06:04,27.5167,88.5333,65.93,35,13,4.68
449,Caravelas,BR,2021-01-17 04:06:04,-17.7125,-39.2481,74.41,89,98,5.79
450,Shingu,JP,2021-01-17 04:06:04,33.7333,135.9833,50.0,37,40,20.71
451,Malibu,US,2021-01-17 04:06:05,34.005,-118.8101,75.2,17,1,10.36
452,Warri,NG,2021-01-17 04:06:05,5.5167,5.75,75.65,89,85,1.54
453,Windhoek,NA,2021-01-17 04:06:05,-22.5594,17.0832,66.2,55,95,9.22
454,Svetlyy,RU,2021-01-17 04:06:05,54.675,20.1347,-5.8,84,38,2.24
455,Shubarkuduk,KZ,2021-01-17 04:06:05,49.1447,56.4872,13.08,96,34,8.55
456,Cap Malheureux,MU,2021-01-17 04:06:05,-19.9842,57.6142,84.0,72,95,7.0
457,Mackenzie,CA,2021-01-17 04:06:05,55.2999,-123.1698,32.0,93,90,8.05
458,Port Hedland,AU,2021-01-17 04:06:05,-20.3167,118.5667,102.2,24,34,14.97
459,Mikuni,JP,2021-01-17 04:06:05,36.2171,136.1519,37.4,70,75,3.44
460,Christchurch,NZ,2021-01-17 04:04:52,-43.5333,172.6333,78.8,29,20,19.57
461,Takoradi,GH,2021-01-17 04:06:05,4.8845,-1.7554,78.06,87,33,4.9
462,Dingle,PH,2021-01-17 04:06:05,10.9995,122.6711,80.2,85,96,9.62
463,Trelew,AR,2021-01-17 04:02:42,-43.249,-65.3051,58.44,54,0,8.75
464,Tual,ID,2021-01-17 04:06:06,-5.6667,132.75,78.64,94,100,21.81
465,Te Anau,NZ,2021-01-17 04:06:06,-45.4167,167.7167,63.82,45,99,6.4
466,Surgut,RU,2021-01-17 04:06:06,61.25,73.4167,6.8,85,75,4.47
467,Anloga,GH,2021-01-17 04:06:06,5.7947,0.8973,80.6,89,40,4.61
468,Sola,VU,2021-01-17 04:06:06,-13.8833,167.55,89.6,74,40,2.3
469,Valdez,EC,2021-01-17 04:06:06,1.2492,-78.9831,76.89,81,47,3.13
470,Bang Saphan,TH,2021-01-17 04:06:06,11.2126,99.5117,84.2,70,20,9.22
471,Labuhan,ID,2021-01-17 04:06:06,-6.8844,112.2051,83.21,76,95,9.51
472,Deputatskiy,RU,2021-01-17 04:06:06,69.3,139.9,-22.36,89,100,2.53
473,Las Palmas,ES,2021-01-17 04:06:06,28.4204,-14.0131,62.6,67,90,16.11
474,Ngaoundere,CM,2021-01-17 04:06:06,7.3167,13.5833,60.96,32,62,3.47
475,Wadersloh,DE,2021-01-17 04:06:06,51.7333,8.25,28.99,92,100,2.44
476,Yaan,NG,2021-01-17 04:06:07,7.3833,8.5667,70.61,68,62,2.17
477,Salta,AR,2021-01-17 04:06:07,-24.7859,-65.4117,62.6,94,75,4.61
478,Hinton,CA,2021-01-17 04:04:18,53.4001,-117.5857,28.4,80,100,3.44
479,Chegdomyn,RU,2021-01-17 04:06:07,51.1167,133.0167,-8.84,85,100,1.61
480,Lesnikovo,RU,2021-01-17 04:06:07,55.2822,65.3175,9.45,94,1,13.6
481,Urrao,CO,2021-01-17 04:06:07,6.3152,-76.1342,54.0,95,47,0.43
482,Hovd,MN,2021-01-17 04:06:07,48.0056,91.6419,1.89,79,10,2.57
483,Hokitika,NZ,2021-01-17 04:06:07,-42.7167,170.9667,62.65,81,41,17.25
484,Wangaratta,AU,2021-01-17 04:06:07,-36.3667,146.3333,77.0,23,0,13.8
485,Vung Tau,VN,2021-01-17 04:06:07,10.346,107.0843,77.49,66,97,1.72
486,Khanskaya,RU,2021-01-17 04:06:07,44.677,39.9616,32.79,96,100,14.97
487,Colchester,GB,2021-01-17 04:06:07,51.8892,0.9042,41.0,87,40,11.5
488,North Branch,US,2021-01-17 04:05:28,45.5113,-92.9802,24.01,97,100,3.0
489,Graham,US,2021-01-17 04:06:08,47.0529,-122.2943,41.0,100,90,1.97
490,Laguna,US,2021-01-17 04:06:08,38.421,-121.4238,55.99,71,1,3.83
491,Tuy Hoa,VN,2021-01-17 04:06:08,13.0833,109.3,73.85,79,60,16.35
492,Churapcha,RU,2021-01-17 04:06:08,62.0025,132.4325,-38.67,79,100,4.12
493,Kingussie,GB,2021-01-17 04:06:08,57.08,-4.0523,39.2,81,40,17.27
494,Sayyan,YE,2021-01-17 04:01:20,15.1718,44.3244,44.47,66,2,1.19
495,Kahului,US,2021-01-17 04:02:41,20.8947,-156.47,84.2,48,20,11.5
496,Tommot,RU,2021-01-17 04:06:08,58.9564,126.2925,-32.6,78,92,2.35
497,Kloulklubed,PW,2021-01-17 04:06:09,7.0419,134.2556,84.2,79,75,9.22
498,Baker City,US,2021-01-17 04:06:09,44.7749,-117.8344,33.8,75,90,1.77
499,Portland,US,2021-01-17 04:01:33,45.5234,-122.6762,45.0,81,20,0.78
500,Gazimurskiy Zavod,RU,2021-01-17 04:06:09,51.5461,118.3266,-11.92,82,100,4.36
501,Otacilio Costa,BR,2021-01-17 04:06:09,-27.4831,-50.1219,66.61,99,100,3.04
502,Krasnoselkup,RU,2021-01-17 04:06:09,65.7,82.4667,-13.13,88,100,20.47
503,Kachug,RU,2021-01-17 04:06:09,53.9606,105.8817,-18.13,82,99,3.09
504,Obregon,NI,2021-01-17 04:06:10,11.9566,-85.9636,80.6,69,40,11.5
505,Nanakuli,US,2021-01-17 04:06:10,21.3906,-158.1547,78.8,65,40,6.91
506,Iskateley,RU,2021-01-17 04:06:10,67.6803,53.1512,-5.8,85,100,1.59
507,Puerto Baquerizo Moreno,EC,2021-01-17 04:06:11,-0.9,-89.6,74.01,91,56,8.48
508,Richards Bay,ZA,2021-01-17 04:06:11,-28.783,32.0377,70.57,86,14,7.65
509,Kizema,RU,2021-01-17 04:06:11,61.113,44.8302,-9.06,90,81,6.29
510,Gobo,JP,2021-01-17 04:06:11,33.8833,135.15,50.0,37,40,20.71
511,Ulaangom,MN,2021-01-17 04:06:11,49.9811,92.0667,-15.66,87,97,1.83
512,Maraa,BR,2021-01-17 04:06:11,-1.8333,-65.3667,73.71,94,7,1.88
513,Alofi,NU,2021-01-17 04:06:11,-19.0595,-169.9187,86.0,62,100,9.22
514,Karoi,ZW,2021-01-17 04:06:11,-16.8099,29.6925,64.58,97,100,4.56
515,Itarema,BR,2021-01-17 04:06:12,-2.9248,-39.9167,77.72,85,52,10.27
516,Jibuti,DJ,2021-01-17 04:06:12,11.5,42.5,69.8,83,1,6.76
517,Basoko,CD,2021-01-17 04:06:12,1.2391,23.616,71.08,85,56,2.53
518,Shelburne,CA,2021-01-17 04:06:12,44.0787,-80.2041,32.0,99,99,16.26
519,Maroantsetra,MG,2021-01-17 04:06:12,-15.4333,49.7333,77.68,85,79,3.13
520,Pingzhuang,CN,2021-01-17 04:04:22,42.0372,119.2889,12.25,84,10,14.72
521,Mombetsu,JP,2021-01-17 04:06:12,44.3525,143.3525,19.4,58,40,3.2
522,Santa Fe,AR,2021-01-17 04:06:12,-31.6333,-60.7,68.0,76,0,4.0
523,Monrovia,LR,2021-01-17 04:02:21,6.3005,-10.7969,75.2,94,20,5.14
524,Nuuk,GL,2021-01-17 04:02:01,64.1835,-51.7216,30.2,69,75,39.12
525,Cockburn Town,TC,2021-01-17 04:06:13,21.4612,-71.1419,78.13,72,100,5.77
526,Zhangjiakou,CN,2021-01-17 04:06:13,40.81,114.8794,17.6,66,19,10.42
527,Sabang,ID,2021-01-17 04:06:13,5.8933,95.3214,80.31,85,99,18.77
528,Piacabucu,BR,2021-01-17 04:06:13,-10.4056,-36.4344,76.84,79,0,9.53
529,Makushino,RU,2021-01-17 04:06:13,55.2103,67.2442,9.32,94,0,12.17
530,Voloshka,RU,2021-01-17 04:06:13,61.3314,40.0858,-10.43,90,67,3.53
531,Knysna,ZA,2021-01-17 04:06:13,-34.0363,23.0471,60.8,88,20,4.61
532,Kulhudhuffushi,MV,2021-01-17 04:06:14,6.6221,73.07,81.23,77,52,10.11
533,Alta Floresta,BR,2021-01-17 04:06:14,-9.8756,-56.0861,70.88,97,99,3.13
534,Roatan,HN,2021-01-17 04:06:14,16.3244,-86.5366,75.2,100,90,11.5
535,Bell Ville,AR,2021-01-17 04:06:14,-32.6259,-62.6887,63.5,47,0,8.7
536,Huarmey,PE,2021-01-17 04:06:14,-10.0681,-78.1522,70.9,83,100,5.82
537,Cayenne,GF,2021-01-17 04:06:14,4.9333,-52.3333,80.6,83,75,5.75
538,Rodney,CA,2021-01-17 04:06:14,42.5668,-81.6831,32.0,86,40,16.11
539,Victoria Falls,ZW,2021-01-17 04:06:14,-17.9235,25.843,67.48,95,100,4.45
540,Santa Maria,BR,2021-01-17 04:02:01,-29.6842,-53.8069,75.2,88,75,4.61
541,Ouesso,CG,2021-01-17 04:06:14,1.6136,16.0517,71.31,81,60,1.95
542,Burnie,AU,2021-01-17 04:05:22,-41.0667,145.9167,55.99,73,96,8.99
543,Amla,IN,2021-01-17 04:06:14,21.9333,78.1167,72.77,31,0,6.4
544,Antofagasta,CL,2021-01-17 04:06:14,-23.65,-70.4,64.4,88,20,5.75
545,Caarapo,BR,2021-01-17 04:06:14,-22.6342,-54.8222,72.37,96,100,7.49
546,Monduli,TZ,2021-01-17 04:06:15,-3.3,36.45,61.0,87,24,4.12
547,Diffa,NE,2021-01-17 04:06:15,13.3154,12.6113,64.35,26,2,9.93
548,Vardo,NO,2021-01-17 04:06:15,70.3705,31.1107,34.84,85,99,20.13
549,Barzas,RU,2021-01-17 04:06:15,55.7167,86.3167,14.0,57,0,6.71
550,Port Hawkesbury,CA,2021-01-17 04:06:15,45.6169,-61.3485,35.01,86,90,24.16
551,Miri,MY,2021-01-17 04:06:16,4.4148,114.0089,80.6,89,40,5.75
552,Khabary,RU,2021-01-17 04:06:16,53.6259,79.5345,14.29,94,100,13.96
553,Ornskoldsvik,SE,2021-01-17 04:06:16,63.2909,18.7153,3.2,92,16,4.61
554,Zyryanovsk,KZ,2021-01-17 04:06:16,49.7386,84.2719,2.84,81,70,0.6
555,Lumberton,US,2021-01-17 04:06:16,34.6182,-79.0086,39.2,60,1,8.05
556,Monte Alegre,BR,2021-01-17 04:06:16,-2.0078,-54.0692,76.44,63,34,4.72
557,Hay River,CA,2021-01-17 04:06:16,60.8156,-115.7999,1.4,85,95,1.14
558,Muroto,JP,2021-01-17 04:06:16,33.2833,134.15,50.0,40,75,14.97
559,Meulaboh,ID,2021-01-17 04:06:16,4.1363,96.1285,83.35,66,100,3.09
560,Mildura,AU,2021-01-17 04:06:16,-34.2,142.15,78.8,25,0,11.5
561,Kyren,RU,2021-01-17 04:06:17,51.6828,102.1408,7.95,82,52,0.27
562,Hobyo,SO,2021-01-17 04:06:17,5.3505,48.5268,76.55,76,48,16.6
563,Margate,GB,2021-01-17 04:06:17,51.3813,1.3862,43.0,80,100,7.0
564,Karlstad,SE,2021-01-17 04:06:17,59.3793,13.5036,23.0,100,90,4.61
565,Genhe,CN,2021-01-17 04:06:17,50.7833,121.5167,-11.61,81,98,2.17
566,Dannenberg,DE,2021-01-17 04:06:17,53.0967,11.09,27.0,91,100,4.25
567,Svetlogorsk,BY,2021-01-17 04:06:17,52.6333,29.7333,0.14,91,99,4.9
568,Porbandar,IN,2021-01-17 04:06:17,21.6422,69.6093,57.2,82,0,5.75
569,Taganak,PH,2021-01-17 04:06:17,6.0833,118.3,75.2,94,40,8.05
570,Ponta Do Sol,PT,2021-01-17 04:06:17,32.6667,-17.1,54.0,70,49,3.0
571,Taos,US,2021-01-17 04:06:15,36.4072,-105.5731,28.0,73,1,8.05
572,High Level,CA,2021-01-17 04:06:18,58.5169,-117.136,14.0,100,40,3.09
573,Camacari,BR,2021-01-17 04:06:18,-12.6975,-38.3242,80.6,78,75,8.05
574,Rodrigues Alves,BR,2021-01-17 04:06:18,-7.738,-72.6509,74.64,93,99,2.51
575,Istisu,AZ,2021-01-17 04:06:18,40.9457,48.0738,26.6,93,90,2.33
576,Nemuro,JP,2021-01-17 04:06:18,43.3236,145.575,21.2,58,75,3.44
577,Ust-Ilimsk,RU,2021-01-17 04:06:18,58.0006,102.6619,-26.81,79,77,3.78
578,Akdepe,TM,2021-01-17 04:06:18,42.0551,59.3788,30.2,93,99,6.91
579,Ulladulla,AU,2021-01-17 04:06:18,-35.35,150.4667,79.0,46,21,9.22
