City_ID,City,Country,Lat,Lng,Max Temp,Humidity,Cloudiness,Wind Speed,Current Conditions,Date
0,Albany,US,42.6001,-73.9662,39.0,65,96,4.0,overcast clouds,2021-01-17 16:29:12
1,Calvia,ES,39.5657,2.5062,59.0,67,0,10.36,clear sky,2021-01-17 16:29:12
2,Son La,VN,21.3167,103.9,47.41,79,97,3.11,overcast clouds,2021-01-17 16:29:12
3,Rikitea,PF,-23.1203,-134.9692,78.03,77,0,15.26,light rain,2021-01-17 16:29:13
4,Lebu,CL,-37.6167,-73.65,61.05,72,0,20.54,clear sky,2021-01-17 16:29:13
5,Mataura,NZ,-46.1927,168.8643,42.75,93,74,4.38,broken clouds,2021-01-17 16:29:13
6,Busselton,AU,-33.65,115.3333,69.01,57,78,7.0,broken clouds,2021-01-17 16:29:13
7,Kodiak,US,57.79,-152.4072,37.4,75,1,9.22,clear sky,2021-01-17 16:29:13
8,Itabaiana,BR,-10.685,-37.4253,86.0,62,20,13.8,few clouds,2021-01-17 16:29:13
9,Atuona,PF,-9.8,-139.0333,78.03,76,1,15.52,clear sky,2021-01-17 16:29:13
10,Vanimo,PG,-2.6741,141.3028,80.02,85,88,6.46,light rain,2021-01-17 16:29:13
11,Pevek,RU,69.7008,170.3133,-27.13,87,7,3.94,clear sky,2021-01-17 16:29:13
12,Cherskiy,RU,68.75,161.3,-27.33,84,100,2.89,overcast clouds,2021-01-17 16:29:13
13,Nsunga,TZ,-1.1439,31.3947,77.0,65,20,5.75,few clouds,2021-01-17 16:29:13
14,Vardo,NO,70.3705,31.1107,33.8,80,20,16.11,light snow,2021-01-17 16:29:14
15,Ushuaia,AR,-54.8,-68.3,51.8,66,90,2.57,light rain,2021-01-17 16:29:14
16,Tigil,RU,57.8,158.6667,11.64,92,100,10.42,overcast clouds,2021-01-17 16:29:14
17,Barrow,US,71.2906,-156.7887,-0.4,71,90,12.66,overcast clouds,2021-01-17 16:25:57
18,Nenton,GT,15.8,-91.75,64.4,68,20,3.6,few clouds,2021-01-17 16:29:14
19,Grindavik,IS,63.8424,-22.4338,33.8,93,75,17.27,broken clouds,2021-01-17 16:29:14
20,Khatanga,RU,71.9667,102.5,-24.41,82,0,12.97,clear sky,2021-01-17 16:29:14
21,Tateyama,JP,34.9833,139.8667,41.0,68,52,14.23,broken clouds,2021-01-17 16:29:14
22,Yellowknife,CA,62.456,-114.3525,-2.0,84,90,6.91,light snow,2021-01-17 16:29:14
23,Kapaa,US,22.0752,-159.319,71.6,94,75,8.05,broken clouds,2021-01-17 16:29:14
24,Ulundi,ZA,-28.3352,31.4162,71.71,67,95,8.14,overcast clouds,2021-01-17 16:29:14
25,Aketi,CD,2.7388,23.7833,86.94,46,78,2.37,broken clouds,2021-01-17 16:29:14
26,Bethel,US,41.3712,-73.414,39.0,52,75,12.66,broken clouds,2021-01-17 16:29:14
27,Niquelandia,BR,-14.4739,-48.4597,80.91,63,100,2.62,moderate rain,2021-01-17 16:29:14
28,Haverfordwest,GB,51.8017,-4.9691,44.6,87,93,6.91,overcast clouds,2021-01-17 16:29:15
29,New Norfolk,AU,-42.7826,147.0587,61.0,72,100,5.99,overcast clouds,2021-01-17 16:29:15
30,Tiksi,RU,71.6872,128.8694,-18.81,88,100,8.72,overcast clouds,2021-01-17 16:29:15
31,Campbell River,CA,50.0163,-125.2446,43.0,93,75,2.3,broken clouds,2021-01-17 16:29:15
32,Ponta Do Sol,PT,32.6667,-17.1,59.0,61,41,5.01,scattered clouds,2021-01-17 16:29:15
33,Dikson,RU,73.5069,80.5464,-23.67,85,84,16.31,broken clouds,2021-01-17 16:29:15
34,Puerto Ayora,EC,-0.7393,-90.3518,79.0,73,75,9.22,broken clouds,2021-01-17 16:25:57
35,Vaini,TO,-21.2,-175.2,78.8,94,40,4.61,scattered clouds,2021-01-17 16:29:15
36,Valenca Do Piaui,BR,-6.4075,-41.7456,90.9,41,73,4.5,broken clouds,2021-01-17 16:29:15
37,Ternovskaya,RU,45.8542,40.4086,29.79,98,100,18.32,snow,2021-01-17 16:29:15
38,Provideniya,RU,64.3833,-173.3,-8.66,85,66,7.61,broken clouds,2021-01-17 16:29:15
39,Kaitangata,NZ,-46.2817,169.8464,51.01,72,100,4.0,overcast clouds,2021-01-17 16:29:15
40,Mahebourg,MU,-20.4081,57.7,80.6,83,40,12.66,scattered clouds,2021-01-17 16:29:16
41,Punta Arenas,CL,-53.15,-70.9167,50.0,93,90,11.5,moderate rain,2021-01-17 16:29:16
42,Carnarvon,AU,-24.8667,113.6333,82.4,89,41,3.44,scattered clouds,2021-01-17 16:29:16
43,Norden,DE,53.6,7.2,33.01,86,100,5.01,overcast clouds,2021-01-17 16:29:16
44,Hami,CN,42.8,93.45,16.32,73,0,0.96,clear sky,2021-01-17 16:29:16
45,Walvis Bay,NA,-22.9575,14.5053,73.4,56,0,16.11,clear sky,2021-01-17 16:29:16
46,Muscat,OM,23.6139,58.5922,71.6,78,0,2.3,clear sky,2021-01-17 16:29:16
47,Mar Del Plata,AR,-38.0023,-57.5575,68.0,68,75,16.11,light rain,2021-01-17 16:29:16
48,Chimbote,PE,-9.0853,-78.5783,75.58,68,50,11.9,scattered clouds,2021-01-17 16:29:16
49,San Vicente,AR,-26.6167,-54.1333,70.54,100,100,4.27,light rain,2021-01-17 16:29:16
50,Hermanus,ZA,-34.4187,19.2345,78.01,56,5,8.99,clear sky,2021-01-17 16:29:16
51,Arraial Do Cabo,BR,-22.9661,-42.0278,91.4,45,0,14.97,clear sky,2021-01-17 16:29:16
52,Tuatapere,NZ,-46.1333,167.6833,45.77,78,25,7.2,scattered clouds,2021-01-17 16:29:17
53,Juneau,US,58.3019,-134.4197,44.6,81,90,18.41,snow,2021-01-17 16:29:17
54,Ilhabela,BR,-23.7781,-45.3581,86.54,60,99,5.1,overcast clouds,2021-01-17 16:29:17
55,Petropavlovsk-Kamchatskiy,RU,53.0452,158.6483,17.6,79,75,6.71,light snow,2021-01-17 16:29:17
56,Cabo San Lucas,MX,22.8909,-109.9124,69.8,37,1,3.44,clear sky,2021-01-17 16:29:17
57,Hobart,AU,-42.8794,147.3294,62.6,55,90,12.66,overcast clouds,2021-01-17 16:29:17
58,Talnakh,RU,69.4865,88.3972,-16.49,72,100,7.05,overcast clouds,2021-01-17 16:29:17
59,Jamestown,US,42.097,-79.2353,34.0,93,90,10.36,light snow,2021-01-17 16:29:17
60,Avarua,CK,-21.2078,-159.775,77.0,88,78,3.44,light rain,2021-01-17 16:29:17
61,Souillac,MU,-20.5167,57.5167,80.6,83,40,12.66,light rain,2021-01-17 16:29:17
62,Saldanha,ZA,-33.0117,17.9442,80.6,39,11,17.27,few clouds,2021-01-17 16:29:17
63,Saint George,US,37.1041,-113.5841,35.6,48,1,4.61,clear sky,2021-01-17 16:25:02
64,Minden,DE,52.2833,8.9167,33.8,80,89,5.75,overcast clouds,2021-01-17 16:28:37
65,Storforshei,NO,66.4043,14.5233,14.0,85,0,2.3,clear sky,2021-01-17 16:29:18
66,San Cristobal,VE,7.7669,-72.225,82.4,65,40,5.75,scattered clouds,2021-01-17 16:29:18
67,Khani,GE,41.9563,42.9566,51.8,82,90,9.22,overcast clouds,2021-01-17 16:29:18
68,Antipolo,PH,14.5864,121.1753,78.8,78,75,3.44,broken clouds,2021-01-17 16:29:18
69,Narsaq,GL,60.9167,-46.05,26.6,74,75,7.61,light snow,2021-01-17 16:28:10
70,Comodoro Rivadavia,AR,-45.8667,-67.5,75.2,41,0,9.22,clear sky,2021-01-17 16:29:18
71,Ribeira Grande,PT,38.5167,-28.7,62.6,94,75,25.32,heavy intensity rain,2021-01-17 16:29:18
72,Lompoc,US,34.6391,-120.4579,55.4,71,0,9.22,clear sky,2021-01-17 16:29:18
73,Marystown,CA,47.1666,-55.1483,38.35,94,100,24.32,light rain,2021-01-17 16:29:18
74,Thompson,CA,55.7435,-97.8558,-18.4,83,75,3.44,broken clouds,2021-01-17 16:29:18
75,Bluff,NZ,-46.6,168.3333,52.86,65,55,22.08,light rain,2021-01-17 16:29:18
76,Umm Lajj,SA,25.0213,37.2685,70.92,46,66,8.01,broken clouds,2021-01-17 16:29:18
77,Lure,FR,47.75,6.5,35.6,100,90,6.91,mist,2021-01-17 16:29:18
78,Flinders,AU,-34.5833,150.8552,64.99,76,77,3.0,broken clouds,2021-01-17 16:29:19
79,Bang Saphan,TH,11.2126,99.5117,73.09,87,15,2.28,few clouds,2021-01-17 16:29:19
80,Sao Joao Do Piaui,BR,-8.3581,-42.2467,91.94,38,100,8.08,overcast clouds,2021-01-17 16:29:19
81,Sola,VU,-13.8833,167.55,82.47,80,93,13.38,light rain,2021-01-17 16:29:19
82,Kapuskasing,CA,49.4169,-82.4331,3.2,85,90,8.05,overcast clouds,2021-01-17 16:29:19
83,Hilo,US,19.7297,-155.09,69.8,78,90,6.06,overcast clouds,2021-01-17 16:29:19
84,Nova Odesa,UA,47.3078,31.7851,9.75,92,95,5.91,overcast clouds,2021-01-17 16:29:19
85,Carmen,MX,18.6333,-91.8333,69.8,73,75,8.05,broken clouds,2021-01-17 16:24:57
86,Waingapu,ID,-9.6567,120.2641,79.7,78,99,3.29,moderate rain,2021-01-17 16:29:19
87,Castro,BR,-24.7911,-50.0119,70.95,86,100,11.07,overcast clouds,2021-01-17 16:28:21
88,Ust-Tsilma,RU,65.441,52.1498,-11.42,88,68,2.77,broken clouds,2021-01-17 16:29:19
89,Hambantota,LK,6.1241,81.1185,77.0,100,40,4.61,light rain,2021-01-17 16:26:59
90,Port Macquarie,AU,-31.4333,152.9167,63.0,94,88,1.99,overcast clouds,2021-01-17 16:29:19
91,Gualaquiza,EC,-3.4,-78.55,76.87,62,64,1.86,light rain,2021-01-17 16:29:20
92,Bosaso,SO,11.2842,49.1816,76.03,65,0,5.95,clear sky,2021-01-17 16:29:20
93,Port Alfred,ZA,-33.5906,26.891,71.01,85,9,13.44,clear sky,2021-01-17 16:29:20
94,Turukhansk,RU,65.8167,87.9833,-12.86,88,100,19.86,light snow,2021-01-17 16:29:20
95,Mersing,MY,2.4312,103.8405,78.8,73,99,16.11,overcast clouds,2021-01-17 16:29:20
96,Popondetta,PG,-8.7537,148.2534,74.64,92,93,2.48,overcast clouds,2021-01-17 16:29:20
97,Kununurra,AU,-15.7667,128.7333,84.2,89,42,2.3,scattered clouds,2021-01-17 16:29:20
98,Silvan,TR,38.1419,41.0081,46.4,87,75,4.61,heavy intensity rain,2021-01-17 16:29:20
99,Tarko-Sale,RU,64.9225,77.785,0.32,93,100,13.96,overcast clouds,2021-01-17 16:29:20
100,Nikolskoye,RU,59.7035,30.7861,19.4,93,90,6.71,snow,2021-01-17 16:29:20
101,Qaanaaq,GL,77.484,-69.3632,-1.12,78,0,5.41,clear sky,2021-01-17 16:29:21
102,Tuktoyaktuk,CA,69.4541,-133.0374,-2.2,84,90,8.05,light snow,2021-01-17 16:29:21
103,Timbiqui,CO,2.7717,-77.6654,79.77,86,54,5.14,light rain,2021-01-17 16:29:21
104,Talakan,RU,50.3167,130.3667,-9.76,89,100,0.72,overcast clouds,2021-01-17 16:29:21
105,Hamilton,US,39.1834,-84.5333,35.6,87,90,9.22,light snow,2021-01-17 16:29:21
106,Coquimbo,CL,-29.9533,-71.3436,66.2,68,0,13.8,clear sky,2021-01-17 16:26:17
107,Jian,CN,27.1172,114.9793,41.92,63,0,1.74,clear sky,2021-01-17 16:29:21
108,Georgetown,MY,5.4112,100.3354,82.4,65,40,9.22,scattered clouds,2021-01-17 16:28:15
109,Mount Isa,AU,-20.7333,139.5,84.2,10,0,14.97,clear sky,2021-01-17 16:29:21
110,Santa Fe,AR,-31.6333,-60.7,80.01,31,0,8.01,clear sky,2021-01-17 16:29:21
111,Chipinge,ZW,-20.1883,32.6236,71.73,95,100,4.74,light rain,2021-01-17 16:29:21
112,Igarka,RU,67.4667,86.5833,-10.07,88,100,23.64,light snow,2021-01-17 16:29:22
113,Roald,NO,62.5833,6.1333,41.0,70,75,9.22,broken clouds,2021-01-17 16:29:23
114,Davidson,US,36.1501,-86.7833,43.0,56,90,11.5,overcast clouds,2021-01-17 16:29:23
115,Shar,KZ,49.5886,81.0453,9.63,88,17,9.57,few clouds,2021-01-17 16:29:23
116,Nanortalik,GL,60.1432,-45.2371,30.72,96,99,0.92,overcast clouds,2021-01-17 16:29:23
117,Namibe,AO,-15.1961,12.1522,82.4,54,0,18.41,clear sky,2021-01-17 16:29:23
118,Trincomalee,LK,8.5711,81.2335,79.2,82,64,15.41,light rain,2021-01-17 16:29:23
119,Laguna,US,38.421,-121.4238,46.99,87,1,5.75,mist,2021-01-17 16:29:23
120,Olinda,BR,-8.0089,-34.8553,82.4,65,40,19.57,scattered clouds,2021-01-17 16:29:23
121,Korla,CN,41.7597,86.1469,17.91,81,0,1.66,clear sky,2021-01-17 16:29:23
122,Pringsewu,ID,-5.3582,104.9744,74.79,89,98,1.86,overcast clouds,2021-01-17 16:29:23
123,Tasiilaq,GL,65.6145,-37.6368,23.0,86,40,5.75,fog,2021-01-17 16:29:23
124,Meulaboh,ID,4.1363,96.1285,77.7,82,100,5.06,overcast clouds,2021-01-17 16:29:23
125,Cockburn Town,TC,21.4612,-71.1419,77.95,74,100,11.59,overcast clouds,2021-01-17 16:29:23
126,Ixtapa,MX,20.7,-105.2,68.0,68,20,3.04,few clouds,2021-01-17 16:29:23
127,Butaritari,KI,3.0707,172.7902,80.42,76,22,19.53,few clouds,2021-01-17 16:29:23
128,Vila Velha,BR,-20.3297,-40.2925,87.8,55,20,13.8,few clouds,2021-01-17 16:29:24
129,Hithadhoo,MV,-0.6,73.0833,81.63,72,78,5.41,broken clouds,2021-01-17 16:29:24
130,Qiongshan,CN,20.0058,110.3542,59.0,58,75,8.95,broken clouds,2021-01-17 16:29:24
131,Westport,US,41.1415,-73.3579,42.8,45,20,21.85,few clouds,2021-01-17 16:27:51
132,Hammerfest,NO,70.6634,23.6821,35.6,93,75,8.05,broken clouds,2021-01-17 16:29:24
133,Port Antonio,JM,18.18,-76.4612,84.99,61,20,5.75,few clouds,2021-01-17 16:29:24
134,Lichinga,MZ,-13.3128,35.2406,73.0,83,75,8.05,light rain,2021-01-17 16:29:24
135,Saint-Augustin,CA,51.226,-58.6502,32.36,96,100,29.15,overcast clouds,2021-01-17 16:29:24
136,Finschhafen,PG,-6.6024,147.8681,80.64,76,36,1.95,light rain,2021-01-17 16:29:24
137,Mangochi,MW,-14.4782,35.2645,78.94,76,77,2.28,broken clouds,2021-01-17 16:29:24
138,Nome,US,64.5011,-165.4064,6.8,72,100,9.22,overcast clouds,2021-01-17 16:29:24
139,College,US,64.8569,-147.8028,8.6,78,90,3.49,overcast clouds,2021-01-17 16:29:24
140,Cairns,AU,-16.9167,145.7667,75.2,94,40,10.36,light rain,2021-01-17 16:29:24
141,Port-Gentil,GA,-0.7193,8.7815,80.6,89,75,8.05,moderate rain,2021-01-17 16:29:25
142,Ketchikan,US,55.3422,-131.6461,44.6,100,90,6.91,light rain,2021-01-17 16:29:25
143,Kuching,MY,1.55,110.3333,78.8,89,40,2.3,scattered clouds,2021-01-17 16:25:23
144,Cap Malheureux,MU,-19.9842,57.6142,81.0,79,91,11.01,overcast clouds,2021-01-17 16:29:25
145,Tessalit,ML,20.1986,1.0114,83.01,9,90,7.72,overcast clouds,2021-01-17 16:29:25
146,Olga,RU,43.7444,135.2892,1.2,85,0,5.48,clear sky,2021-01-17 16:29:25
147,Cape Town,ZA,-33.9258,18.4232,77.0,50,0,20.71,clear sky,2021-01-17 16:24:49
148,Torbay,CA,47.6666,-52.7314,34.0,100,90,16.11,light rain,2021-01-17 16:29:25
149,Taganak,PH,6.0833,118.3,73.4,94,40,4.61,light rain,2021-01-17 16:29:25
150,Pacific Grove,US,36.6177,-121.9166,59.0,66,1,9.22,clear sky,2021-01-17 16:29:25
151,Marmande,FR,44.5,0.1667,46.99,77,82,3.0,broken clouds,2021-01-17 16:29:25
152,Faanui,PF,-16.4833,-151.75,80.71,77,11,12.62,few clouds,2021-01-17 16:29:25
153,Upernavik,GL,72.7868,-56.1549,6.87,79,0,6.29,clear sky,2021-01-17 16:29:25
154,Calabozo,VE,8.9242,-67.4293,89.83,40,0,8.55,clear sky,2021-01-17 16:29:25
155,Chokurdakh,RU,70.6333,147.9167,-24.39,86,100,7.9,overcast clouds,2021-01-17 16:29:26
156,Nioro,GM,13.35,-15.75,97.18,8,81,9.15,broken clouds,2021-01-17 16:29:26
157,Villa Carlos Paz,AR,-31.4241,-64.4978,81.0,35,0,1.99,clear sky,2021-01-17 16:29:26
158,Berdigestyakh,RU,62.0989,126.6992,-47.06,76,100,4.27,overcast clouds,2021-01-17 16:29:26
159,Narasaraopet,IN,16.25,80.0667,69.44,80,0,5.53,clear sky,2021-01-17 16:29:26
160,Iqaluit,CA,63.7506,-68.5145,-14.8,64,20,5.75,few clouds,2021-01-17 16:29:26
161,Biak,ID,-0.9131,122.8766,76.57,83,100,3.11,moderate rain,2021-01-17 16:29:26
162,Vila,PT,42.0304,-8.1588,57.0,57,4,5.01,clear sky,2021-01-17 16:29:26
163,Prince Rupert,CA,54.3161,-130.3201,44.6,93,90,2.3,mist,2021-01-17 16:29:26
164,Kalmunai,LK,7.4167,81.8167,78.04,83,94,6.02,overcast clouds,2021-01-17 16:26:02
165,Srednekolymsk,RU,67.45,153.6833,-40.32,81,57,2.82,broken clouds,2021-01-17 16:29:26
166,Kumluca,TR,36.3703,30.2869,50.95,46,6,9.62,clear sky,2021-01-17 16:29:27
167,Lorengau,PG,-2.0226,147.2712,82.85,78,98,14.76,overcast clouds,2021-01-17 16:29:27
168,Luderitz,NA,-26.6481,15.1594,71.08,61,0,17.67,clear sky,2021-01-17 16:29:27
169,Kollegal,IN,12.15,77.1167,75.2,60,11,6.08,few clouds,2021-01-17 16:29:27
170,Clyde River,CA,70.4692,-68.5914,6.8,92,90,23.02,light snow,2021-01-17 16:29:27
171,Bredasdorp,ZA,-34.5322,20.0403,73.4,60,10,13.8,clear sky,2021-01-17 16:29:27
172,Salalah,OM,17.0151,54.0924,75.2,50,0,2.3,clear sky,2021-01-17 16:29:27
173,Jieshi,CN,22.8134,115.8257,55.99,49,61,3.0,broken clouds,2021-01-17 16:29:27
174,Conceicao Do Araguaia,BR,-8.2578,-49.2647,84.92,74,16,3.33,moderate rain,2021-01-17 16:29:27
175,Port Blair,IN,11.6667,92.75,79.56,77,66,16.82,broken clouds,2021-01-17 16:29:28
176,Sao Desiderio,BR,-12.3633,-44.9733,82.74,67,97,6.49,overcast clouds,2021-01-17 16:29:28
177,Lagoa,PT,39.05,-27.9833,61.47,91,100,30.69,light rain,2021-01-17 16:29:28
178,Tiarei,PF,-17.5333,-149.3333,77.0,83,75,2.3,light rain,2021-01-17 16:29:28
179,Bauchi,NG,10.5,10.0,90.73,12,0,5.93,clear sky,2021-01-17 16:29:28
180,Conde,BR,-7.2597,-34.9075,87.8,55,40,17.27,scattered clouds,2021-01-17 16:29:28
181,Ayagoz,KZ,47.9714,80.4392,8.76,85,87,5.59,overcast clouds,2021-01-17 16:29:28
182,Grong,NO,64.4654,12.3149,14.0,85,0,19.57,clear sky,2021-01-17 16:29:28
183,Talaya,RU,61.3833,152.75,-31.31,80,100,7.02,overcast clouds,2021-01-17 16:29:28
184,Shelburne,CA,44.0787,-80.2041,33.01,88,62,14.56,broken clouds,2021-01-17 16:29:28
185,Porto Velho,BR,-8.7619,-63.9039,86.0,74,40,6.91,scattered clouds,2021-01-17 16:29:28
186,Severo-Kurilsk,RU,50.6789,156.125,24.35,90,94,41.23,overcast clouds,2021-01-17 16:29:28
187,Gwembe,ZM,-16.4975,27.6069,71.6,94,100,5.93,moderate rain,2021-01-17 16:29:28
188,San Quintin,MX,30.4833,-115.95,64.94,43,0,0.38,clear sky,2021-01-17 16:29:29
189,Port Elizabeth,ZA,-33.918,25.5701,73.4,68,75,9.22,broken clouds,2021-01-17 16:29:29
190,Navrongo,GH,10.8956,-1.0921,97.03,8,26,10.65,scattered clouds,2021-01-17 16:29:29
191,Tilichiki,RU,60.4667,166.1,-17.73,85,100,14.41,overcast clouds,2021-01-17 16:29:29
192,Porto Novo,BJ,6.4965,2.6036,86.0,74,20,11.5,few clouds,2021-01-17 16:29:29
193,Kavieng,PG,-2.5744,150.7967,83.03,75,78,17.34,broken clouds,2021-01-17 16:29:29
194,Bambanglipuro,ID,-7.95,110.2833,77.56,83,99,5.35,light rain,2021-01-17 16:29:29
195,Luwuk,ID,-0.9516,122.7875,77.81,79,100,3.2,light rain,2021-01-17 16:29:29
196,Umm Kaddadah,SD,13.6017,26.6876,77.04,15,7,10.69,clear sky,2021-01-17 16:29:29
197,Ilulissat,GL,69.2167,-51.1,23.0,50,75,12.66,broken clouds,2021-01-17 16:29:30
198,Quesnel,CA,52.9999,-122.5029,32.0,80,90,6.91,overcast clouds,2021-01-17 16:29:30
199,Hoganas,SE,56.1997,12.558,30.99,1,100,5.01,overcast clouds,2021-01-17 16:29:30
200,Tulsipur,NP,28.131,82.2973,57.99,81,2,1.01,clear sky,2021-01-17 16:29:30
201,Bathsheba,BB,13.2167,-59.5167,84.2,65,40,23.02,scattered clouds,2021-01-17 16:29:30
202,Asau,RO,46.4333,26.4,17.6,86,75,2.3,broken clouds,2021-01-17 16:29:30
203,Nileshwar,IN,12.25,75.1,80.8,76,53,2.53,broken clouds,2021-01-17 16:28:05
204,Jumla,NP,29.2747,82.1838,42.62,59,0,3.13,clear sky,2021-01-17 16:29:31
205,Mount Pleasant,US,32.7941,-79.8626,50.0,43,1,12.66,clear sky,2021-01-17 16:29:31
206,Bonavista,CA,48.6499,-53.1147,34.0,100,100,5.75,overcast clouds,2021-01-17 16:29:31
207,Muros,ES,42.7762,-9.0603,57.99,76,67,5.57,broken clouds,2021-01-17 16:29:31
208,Naze,JP,28.3667,129.4833,51.48,82,94,14.54,overcast clouds,2021-01-17 16:29:31
209,Palmer,US,42.1584,-72.3287,41.0,52,40,18.41,scattered clouds,2021-01-17 16:29:31
210,Ostrovnoy,RU,68.0531,39.5131,19.65,95,100,7.16,overcast clouds,2021-01-17 16:29:31
211,Leshan,CN,29.5623,103.7639,41.61,67,58,2.66,broken clouds,2021-01-17 16:29:31
212,Sinnamary,GF,5.3833,-52.95,82.69,71,79,12.12,broken clouds,2021-01-17 16:29:32
213,Nhulunbuy,AU,-12.2333,136.7667,82.4,83,75,6.91,broken clouds,2021-01-17 16:29:32
214,Odesskoye,RU,54.2111,72.9651,19.81,93,99,18.5,overcast clouds,2021-01-17 16:29:32
215,Aksarka,RU,66.5606,67.7975,-15.56,86,100,19.89,overcast clouds,2021-01-17 16:29:32
216,Verkhnyaya Inta,RU,65.9811,60.3094,-25.83,86,100,7.09,overcast clouds,2021-01-17 16:29:32
217,Matagami,CA,49.7502,-77.6328,12.2,85,90,21.85,light snow,2021-01-17 16:29:32
218,Te Anau,NZ,-45.4167,167.7167,43.38,82,64,5.39,broken clouds,2021-01-17 16:29:32
219,Hurghada,EG,27.2574,33.8129,73.4,16,0,14.97,clear sky,2021-01-17 16:28:34
220,Cuamba,MZ,-14.8031,36.5372,77.07,85,99,1.66,light rain,2021-01-17 16:29:32
221,Sao Jose Da Coroa Grande,BR,-8.8978,-35.1478,83.5,64,8,12.91,clear sky,2021-01-17 16:29:32
222,Krasnovka,RU,48.8177,40.0923,10.99,95,100,10.18,heavy snow,2021-01-17 16:29:32
223,Estelle,US,29.8458,-90.1067,55.99,58,75,5.75,broken clouds,2021-01-17 16:29:32
224,Kiruna,SE,67.8557,20.2251,8.6,85,99,8.05,overcast clouds,2021-01-17 16:29:32
225,Aguimes,ES,27.9054,-15.4461,66.2,59,40,10.36,scattered clouds,2021-01-17 16:29:33
226,Vrangel,RU,42.7297,133.0839,11.62,83,6,6.71,clear sky,2021-01-17 16:29:33
227,Sawtell,AU,-30.3833,153.1,68.0,88,75,4.03,broken clouds,2021-01-17 16:29:33
228,Norman Wells,CA,65.282,-126.8329,-18.4,76,20,2.3,few clouds,2021-01-17 16:29:33
229,Sitka,US,57.0531,-135.33,44.6,76,90,13.8,light rain,2021-01-17 16:29:33
230,Coahuayana,MX,18.7333,-103.6833,75.2,53,40,1.79,scattered clouds,2021-01-17 16:29:33
231,Kieta,PG,-6.2167,155.6333,79.47,78,82,1.77,light rain,2021-01-17 16:29:33
232,Monte Alegre,BR,-2.0078,-54.0692,91.56,44,30,2.95,scattered clouds,2021-01-17 16:29:33
233,Esperance,AU,-33.8667,121.9,59.0,77,0,12.66,clear sky,2021-01-17 16:29:33
234,Tupa,BR,-21.9347,-50.5136,71.13,93,100,8.34,overcast clouds,2021-01-17 16:29:33
235,Taltal,CL,-25.4,-70.4833,69.89,60,0,6.62,clear sky,2021-01-17 16:29:33
236,Dire,ML,12.2833,-10.9667,97.16,8,0,6.46,clear sky,2021-01-17 16:29:33
237,Broken Hill,AU,-31.95,141.4333,66.2,45,88,14.97,overcast clouds,2021-01-17 16:28:06
238,Vostok,RU,46.4856,135.8833,-13.11,89,78,3.67,broken clouds,2021-01-17 16:29:34
239,Chuy,UY,-33.6971,-53.4616,74.12,63,84,10.0,broken clouds,2021-01-17 16:29:34
240,Fortuna,US,40.5982,-124.1573,46.99,100,20,14.97,few clouds,2021-01-17 16:29:34
241,Dryden,CA,49.7833,-92.7503,14.0,92,90,3.44,light snow,2021-01-17 16:29:34
242,Hachinohe,JP,40.5,141.5,27.0,48,45,1.99,scattered clouds,2021-01-17 16:28:02
243,Constitucion,CL,-35.3333,-72.4167,70.95,42,0,15.39,clear sky,2021-01-17 16:29:34
244,Shingu,JP,33.7333,135.9833,34.47,85,0,6.4,clear sky,2021-01-17 16:29:34
245,Kelvington,CA,52.1667,-103.5343,19.4,86,49,2.3,scattered clouds,2021-01-17 16:29:34
246,San Patricio,US,28.017,-97.5169,64.0,59,20,9.22,few clouds,2021-01-17 16:29:34
247,Tevriz,RU,57.509,72.4042,14.79,96,100,10.31,light snow,2021-01-17 16:29:34
248,East London,ZA,-33.0153,27.9116,73.4,78,20,14.97,few clouds,2021-01-17 16:26:46
249,Victoria,HK,22.2855,114.1577,57.99,49,60,1.01,broken clouds,2021-01-17 16:29:34
250,Pangody,RU,65.85,74.4859,-11.18,90,100,15.14,light snow,2021-01-17 16:29:34
251,Davila,PH,18.4726,120.5763,73.4,78,20,18.41,few clouds,2021-01-17 16:29:34
252,Freeport,US,40.6576,-73.5832,43.0,48,1,20.71,clear sky,2021-01-17 16:25:45
253,Qaqortoq,GL,60.7167,-46.0333,26.6,74,75,6.51,light snow,2021-01-17 16:29:35
254,Nicolas Bravo,MX,18.45,-88.9167,69.8,68,40,2.39,scattered clouds,2021-01-17 16:29:35
255,Bambous Virieux,MU,-20.3428,57.7575,81.0,83,40,12.66,scattered clouds,2021-01-17 16:29:35
256,Hay River,CA,60.8156,-115.7999,-0.4,85,9,1.14,clear sky,2021-01-17 16:29:35
257,Pangnirtung,CA,66.1451,-65.7125,-7.6,77,40,2.3,scattered clouds,2021-01-17 16:29:35
258,Rawson,AR,-43.3002,-65.1023,67.33,49,0,11.81,clear sky,2021-01-17 16:29:35
259,Le Vauclin,MQ,14.5452,-60.8388,84.2,61,75,19.57,broken clouds,2021-01-17 16:29:35
260,Lata,PT,40.1629,-8.3327,59.0,62,19,2.35,few clouds,2021-01-17 16:29:35
261,Ghanzi,BW,-21.5667,21.7833,87.3,35,99,6.98,overcast clouds,2021-01-17 16:29:35
262,Luhyny,UA,51.082,28.4006,8.35,94,100,6.51,light snow,2021-01-17 16:29:35
263,Ponta Pora,BR,-22.5361,-55.7256,73.4,94,90,6.91,moderate rain,2021-01-17 16:29:35
264,Imbituba,BR,-28.24,-48.6703,89.6,62,20,10.36,few clouds,2021-01-17 16:29:04
265,Gayeri,BF,12.6497,0.4931,92.98,10,99,12.33,overcast clouds,2021-01-17 16:29:35
266,Tommot,RU,58.9564,126.2925,-47.45,73,40,1.32,scattered clouds,2021-01-17 16:29:36
267,Sungaipenuh,ID,-2.0833,101.3833,65.8,94,100,2.06,heavy intensity rain,2021-01-17 16:29:36
268,Vestmannaeyjar,IS,63.4427,-20.2734,37.4,87,40,25.32,scattered clouds,2021-01-17 16:29:36
269,Saint-Philippe,RE,-21.3585,55.7679,84.2,74,90,12.66,overcast clouds,2021-01-17 16:29:36
270,Ullapool,GB,57.8987,-5.1604,43.0,22,99,10.0,moderate rain,2021-01-17 16:29:36
271,Boulder,US,40.0833,-105.3505,35.6,55,1,6.76,clear sky,2021-01-17 16:29:36
272,San Esteban,HN,15.2,-85.75,73.4,94,40,1.92,scattered clouds,2021-01-17 16:29:36
273,Padang,ID,-0.9492,100.3543,77.0,88,75,4.61,moderate rain,2021-01-17 16:29:36
274,Christchurch,NZ,-43.5333,172.6333,55.99,82,20,9.22,few clouds,2021-01-17 16:29:18
275,Araguari,BR,-18.6472,-48.1872,75.2,69,75,10.36,broken clouds,2021-01-17 16:29:00
276,Yar-Sale,RU,66.8333,70.8333,-12.6,89,100,15.59,light snow,2021-01-17 16:29:36
277,Kandrian,PG,-6.2167,149.55,78.4,85,52,4.76,broken clouds,2021-01-17 16:29:36
278,Gizo,SB,-8.103,156.8419,83.48,75,40,10.13,scattered clouds,2021-01-17 16:29:37
279,Peace River,CA,56.2501,-117.286,30.2,100,90,14.97,light snow,2021-01-17 16:29:37
280,Faya,SA,18.3851,42.4509,60.8,72,0,6.91,clear sky,2021-01-17 16:29:37
281,Beringovskiy,RU,63.05,179.3167,-9.11,88,96,8.84,overcast clouds,2021-01-17 16:29:37
282,Port Hardy,CA,50.6996,-127.4199,44.6,93,75,4.61,light rain,2021-01-17 16:27:39
283,Talara,PE,-4.5772,-81.2719,87.8,48,0,12.66,clear sky,2021-01-17 16:29:37
284,Camacha,PT,33.0833,-16.3333,59.0,67,75,8.05,broken clouds,2021-01-17 16:29:37
285,Washougal,US,45.5826,-122.3534,45.0,100,90,1.28,mist,2021-01-17 16:27:19
286,Baherden,TM,38.4362,57.4316,48.15,55,100,0.81,overcast clouds,2021-01-17 16:29:37
287,Puerto Carreno,CO,6.189,-67.4859,89.42,50,4,15.26,clear sky,2021-01-17 16:28:20
288,Bafq,IR,31.6128,55.4107,60.17,37,28,13.62,scattered clouds,2021-01-17 16:29:37
289,Arlit,NE,18.7369,7.3853,83.28,14,100,15.55,overcast clouds,2021-01-17 16:29:37
290,Hasaki,JP,35.7333,140.8333,35.6,87,40,8.05,light rain,2021-01-17 16:29:38
291,Mount Gambier,AU,-37.8333,140.7667,57.2,88,90,9.22,overcast clouds,2021-01-17 16:29:38
292,Akonolinga,CM,3.7667,12.25,89.8,31,91,1.05,overcast clouds,2021-01-17 16:29:38
293,Areka,ET,7.0667,37.7,71.85,38,100,1.25,overcast clouds,2021-01-17 16:29:38
294,Dingle,PH,10.9995,122.6711,76.12,90,100,7.47,overcast clouds,2021-01-17 16:29:38
295,Slave Lake,CA,55.2834,-114.769,26.6,93,90,6.82,overcast clouds,2021-01-17 16:26:58
296,Solnechnyy,RU,50.7214,136.6319,-11.42,88,100,0.92,overcast clouds,2021-01-17 16:29:38
297,Haines Junction,CA,60.7522,-137.5108,17.6,86,70,3.44,broken clouds,2021-01-17 16:29:38
298,Tsabong,BW,-26.0217,22.401,89.92,12,16,11.41,few clouds,2021-01-17 16:29:38
299,Bintulu,MY,3.1667,113.0333,77.0,94,40,2.3,scattered clouds,2021-01-17 16:29:38
300,Dwarka,IN,22.2394,68.9678,70.5,54,0,11.61,clear sky,2021-01-17 16:29:39
301,Congomah,MU,-20.1489,57.5908,81.0,83,40,12.66,scattered clouds,2021-01-17 16:29:39
302,Makakilo City,US,21.3469,-158.0858,69.8,88,1,3.44,clear sky,2021-01-17 16:29:39
303,Cartagena Del Chaira,CO,1.3349,-74.8429,88.68,45,58,7.14,broken clouds,2021-01-17 16:29:39
304,Sobolevo,RU,54.4299,31.8996,-6.2,91,0,5.37,clear sky,2021-01-17 16:29:39
305,Monroe,US,43.1501,-77.6831,37.99,82,100,7.0,overcast clouds,2021-01-17 16:29:39
306,Keetmanshoop,NA,-26.5833,18.1333,91.4,17,48,6.91,scattered clouds,2021-01-17 16:29:39
307,Grand Gaube,MU,-20.0064,57.6608,81.0,79,93,11.01,overcast clouds,2021-01-17 16:29:39
308,Saint-Pierre,RE,-21.3393,55.4781,84.2,74,90,12.66,overcast clouds,2021-01-17 16:29:39
309,Ancud,CL,-41.8697,-73.8203,66.2,63,75,8.05,broken clouds,2021-01-17 16:29:39
310,Linhares,BR,-19.3911,-40.0722,89.31,42,70,7.56,broken clouds,2021-01-17 16:25:45
311,Anjiang,CN,27.3194,110.1031,40.12,70,16,2.21,few clouds,2021-01-17 16:29:39
312,Torres,BR,-29.3353,-49.7269,82.76,74,61,6.2,light rain,2021-01-17 16:29:40
313,Doha,QA,25.2867,51.5333,69.8,73,0,4.61,clear sky,2021-01-17 16:29:40
314,Havre-Saint-Pierre,CA,50.2334,-63.5986,26.6,93,90,25.32,snow,2021-01-17 16:29:40
315,Flin Flon,CA,54.7682,-101.865,-7.6,77,75,2.3,broken clouds,2021-01-17 16:29:40
316,Labuhan,ID,-6.8844,112.2051,78.66,86,97,11.32,moderate rain,2021-01-17 16:29:40
317,Fukue,JP,32.6881,128.8419,41.56,67,99,15.26,overcast clouds,2021-01-17 16:29:40
318,Sao Joao Da Barra,BR,-21.6403,-41.0511,87.8,48,0,17.27,clear sky,2021-01-17 16:29:40
319,Cabras,IT,39.93,8.5314,56.57,77,96,27.92,overcast clouds,2021-01-17 16:29:40
320,Alta Floresta,BR,-9.8756,-56.0861,78.8,89,90,2.3,light rain,2021-01-17 16:29:40
321,Dakar,SN,14.6937,-17.4441,75.2,43,0,13.8,clear sky,2021-01-17 16:26:41
322,Jacareacanga,BR,-6.2222,-57.7528,87.87,62,99,3.8,light rain,2021-01-17 16:29:40
323,Drayton Valley,CA,53.2168,-114.9854,30.0,83,100,1.01,snow,2021-01-17 16:29:40
324,Zhicheng,CN,30.2956,111.5047,37.99,69,12,3.09,few clouds,2021-01-17 16:29:41
325,Harlingen,US,26.1906,-97.6961,69.8,60,90,9.22,overcast clouds,2021-01-17 16:29:41
326,Mildura,AU,-34.2,142.15,62.6,48,0,10.36,clear sky,2021-01-17 16:29:41
327,Camacupa,AO,-12.0167,17.4833,73.24,77,76,4.23,light rain,2021-01-17 16:29:41
328,Shetpe,KZ,44.1667,52.1167,37.62,78,0,11.45,clear sky,2021-01-17 16:29:41
329,Hukuntsi,BW,-24.0,21.75,89.29,18,94,14.16,overcast clouds,2021-01-17 16:29:41
330,Pucallpa,PE,-8.3791,-74.5539,82.4,74,75,11.5,broken clouds,2021-01-17 16:29:41
331,Sabha,LY,27.0377,14.4283,56.28,37,0,7.11,clear sky,2021-01-17 16:29:41
332,Am Timan,TD,11.0297,20.2827,90.59,12,0,5.17,clear sky,2021-01-17 16:29:41
333,Priiskovyy,RU,51.9333,116.6333,-26.52,79,38,1.97,scattered clouds,2021-01-17 16:29:41
334,Danbury,US,41.3948,-73.454,39.0,52,75,12.66,broken clouds,2021-01-17 16:29:41
335,Strezhevoy,RU,60.7333,77.5889,8.6,78,90,11.18,overcast clouds,2021-01-17 16:29:42
336,Kismayo,SO,-0.3582,42.5454,78.03,81,93,13.69,overcast clouds,2021-01-17 16:29:25
337,Moron,AR,-34.6534,-58.6198,81.0,37,6,8.99,clear sky,2021-01-17 16:29:42
338,Zyryanovsk,KZ,49.7386,84.2719,2.34,77,95,1.07,overcast clouds,2021-01-17 16:29:42
339,Fomboni,KM,-12.28,43.7425,83.39,71,3,5.37,clear sky,2021-01-17 16:29:42
340,Buchanan,LR,5.8808,-10.0467,91.4,52,40,3.44,light rain,2021-01-17 16:29:42
341,Lavrentiya,RU,65.5833,-171.0,-9.13,83,94,9.95,overcast clouds,2021-01-17 16:29:42
342,Gimbi,ET,9.1667,35.8333,65.28,38,55,1.86,broken clouds,2021-01-17 16:29:42
343,Fayaoue,NC,-20.65,166.5333,81.09,82,100,6.4,overcast clouds,2021-01-17 16:29:42
344,Uglich,RU,57.5275,38.3317,-9.29,89,44,2.95,scattered clouds,2021-01-17 16:29:42
345,Nauta,PE,-4.5061,-73.5757,90.16,52,31,6.02,scattered clouds,2021-01-17 16:29:42
346,Cabedelo,BR,-6.9811,-34.8339,87.8,55,40,17.27,scattered clouds,2021-01-17 16:29:43
347,Shchigry,RU,51.8755,36.9043,-5.8,77,0,2.24,clear sky,2021-01-17 16:29:43
348,Phan Thiet,VN,10.9333,108.1,70.65,73,75,10.38,broken clouds,2021-01-17 16:29:43
349,Launceston,AU,-41.45,147.1667,55.0,87,90,16.11,overcast clouds,2021-01-17 16:29:43
350,Andenes,NO,69.3143,16.1194,30.2,100,75,8.05,broken clouds,2021-01-17 16:29:43
351,Mayya,RU,61.7333,130.2811,-50.8,58,90,4.29,fog,2021-01-17 16:29:43
352,Pisco,PE,-13.7,-76.2167,73.4,68,0,8.05,clear sky,2021-01-17 16:29:43
353,Komsomolets,KZ,53.7453,62.0708,5.25,90,2,11.21,clear sky,2021-01-17 16:29:43
354,Namatanai,PG,-3.6667,152.4333,79.92,78,55,9.98,broken clouds,2021-01-17 16:29:43
355,La Palma,US,33.8464,-118.0467,57.2,71,1,3.71,clear sky,2021-01-17 16:29:43
356,Riviere-Au-Renard,CA,48.9957,-64.3971,32.0,93,90,16.11,snow,2021-01-17 16:29:43
357,Correntina,BR,-13.3433,-44.6367,81.54,68,99,5.66,overcast clouds,2021-01-17 16:29:44
358,Kabwe,ZM,-14.4469,28.4464,72.99,90,98,2.93,moderate rain,2021-01-17 16:29:44
359,Staunton,US,38.1496,-79.0717,41.0,60,90,12.66,overcast clouds,2021-01-17 16:29:44
360,Bengkulu,ID,-3.8004,102.2655,77.31,83,94,5.21,overcast clouds,2021-01-17 16:29:44
361,Turayf,SA,31.6725,38.6637,51.8,62,75,11.5,broken clouds,2021-01-17 16:29:44
362,Bubaque,GW,11.2833,-15.8333,77.56,44,95,7.45,overcast clouds,2021-01-17 16:29:44
363,Monrovia,LR,6.3005,-10.7969,91.4,52,40,3.44,scattered clouds,2021-01-17 16:28:34
364,Aykhal,RU,66.0,111.5,-35.43,80,100,4.36,overcast clouds,2021-01-17 16:29:44
365,Kirakira,SB,-10.4544,161.9205,80.58,82,46,7.4,scattered clouds,2021-01-17 16:29:44
366,Mana,GF,5.6592,-53.7767,82.22,72,67,11.52,broken clouds,2021-01-17 16:29:44
367,Havelock,US,34.8791,-76.9013,46.99,49,1,8.05,clear sky,2021-01-17 16:29:44
368,Emerald,AU,-23.5333,148.1667,77.0,78,40,5.75,scattered clouds,2021-01-17 16:29:45
369,Mecca,SA,21.4267,39.8261,74.25,43,0,13.35,clear sky,2021-01-17 16:27:01
370,Kutum,SD,14.2,24.6667,73.15,17,28,10.38,scattered clouds,2021-01-17 16:29:45
371,Westerland,DE,54.9079,8.3033,32.0,86,90,12.66,overcast clouds,2021-01-17 16:29:45
372,Luganville,VU,-15.5333,167.1667,80.15,81,91,5.61,overcast clouds,2021-01-17 16:29:45
373,Izberbash,RU,42.5696,47.8645,41.0,93,90,5.37,overcast clouds,2021-01-17 16:29:45
374,Baracoa,CU,20.3467,-74.4958,80.71,62,100,5.64,overcast clouds,2021-01-17 16:29:45
375,Aguada,PR,18.3794,-67.1882,84.99,65,1,13.8,clear sky,2021-01-17 16:29:45
376,Batticaloa,LK,7.7102,81.6924,78.8,81,96,6.71,overcast clouds,2021-01-17 16:29:45
377,Berlevag,NO,70.8578,29.0864,37.4,93,40,20.71,snow,2021-01-17 16:29:45
378,Beloha,MG,-25.1667,45.05,81.48,70,20,5.35,light rain,2021-01-17 16:29:45
379,Wewak,PG,-3.5534,143.6268,81.18,82,99,8.59,overcast clouds,2021-01-17 16:29:45
380,Puerto Madryn,AR,-42.7692,-65.0385,73.33,39,0,2.71,clear sky,2021-01-17 16:29:45
381,Geraldton,AU,-28.7667,114.6,86.0,45,98,5.75,light rain,2021-01-17 16:29:46
382,Ucluelet,CA,48.9329,-125.5528,48.0,100,40,6.91,scattered clouds,2021-01-17 16:29:46
383,Kudahuvadhoo,MV,2.6708,72.8944,82.08,72,36,5.64,scattered clouds,2021-01-17 16:29:46
384,Hofn,IS,64.2539,-15.2082,39.2,60,75,18.41,light rain,2021-01-17 16:29:46
385,Molochnoye,RU,59.2917,39.6787,-5.57,91,26,4.83,scattered clouds,2021-01-17 16:29:46
386,Ballina,AU,-28.8667,153.5667,69.8,88,75,5.48,broken clouds,2021-01-17 16:29:46
387,Morehead,US,37.2711,-87.1764,39.2,60,90,9.22,overcast clouds,2021-01-17 16:29:46
388,Songea,TZ,-10.6833,35.65,84.2,54,40,4.61,light rain,2021-01-17 16:29:46
389,Ardmore,US,34.1743,-97.1436,46.99,46,90,3.44,overcast clouds,2021-01-17 16:29:46
390,Hobyo,SO,5.3505,48.5268,77.09,74,0,15.14,clear sky,2021-01-17 16:29:46
391,Tombouctou,ML,20.0,-3.0,77.76,15,28,16.67,scattered clouds,2021-01-17 16:29:46
392,Ngunguru,NZ,-35.6167,174.5,60.01,94,4,3.0,clear sky,2021-01-17 16:29:46
393,Oak Ridge,US,36.0104,-84.2696,42.01,65,90,5.75,overcast clouds,2021-01-17 16:26:57
394,Batemans Bay,AU,-35.7167,150.1833,55.99,89,6,4.68,clear sky,2021-01-17 16:29:47
395,Anito,PH,12.4497,125.2886,78.31,86,100,9.55,overcast clouds,2021-01-17 16:29:47
396,Morondava,MG,-20.2833,44.2833,85.24,74,47,9.84,scattered clouds,2021-01-17 16:29:47
397,Poronaysk,RU,49.2167,143.1167,-13.22,84,47,4.18,scattered clouds,2021-01-17 16:29:47
398,Nan,TH,18.8333,100.6667,64.08,70,52,3.27,broken clouds,2021-01-17 16:29:47
399,Portland,US,45.5234,-122.6762,46.0,93,90,1.34,light intensity drizzle,2021-01-17 16:27:44
400,Birao,CF,10.2849,22.7882,87.55,13,5,4.0,clear sky,2021-01-17 16:29:47
401,Reconquista,AR,-29.15,-59.65,77.54,41,89,16.26,overcast clouds,2021-01-17 16:29:47
402,Kingaroy,AU,-26.5333,151.8333,68.0,100,90,1.72,overcast clouds,2021-01-17 16:29:47
403,Vao,NC,-22.6667,167.4833,76.78,85,100,11.68,overcast clouds,2021-01-17 16:29:47
404,Olafsvik,IS,64.8945,-23.7142,33.08,93,100,18.66,overcast clouds,2021-01-17 16:29:48
405,Salamiyah,SY,35.0113,37.0532,46.51,87,100,24.16,overcast clouds,2021-01-17 16:29:48
406,Sangar,RU,63.9242,127.4739,-38.45,81,100,1.5,overcast clouds,2021-01-17 16:29:48
407,Yinchuan,CN,38.4681,106.2731,23.81,58,0,2.04,clear sky,2021-01-17 16:27:14
408,Diebougou,BF,10.9667,-3.25,95.86,8,100,7.29,overcast clouds,2021-01-17 16:29:48
409,Novoorsk,RU,51.381,58.9813,6.8,78,0,11.18,clear sky,2021-01-17 16:29:48
410,Richards Bay,ZA,-28.783,32.0377,76.98,69,62,10.33,broken clouds,2021-01-17 16:29:48
411,Krasnogvardeyets,RU,52.6804,52.3635,-6.79,90,5,4.72,clear sky,2021-01-17 16:29:48
412,Gongzhuling,CN,43.5008,124.8198,-1.98,89,36,8.95,scattered clouds,2021-01-17 16:29:48
413,Baturaja,ID,-4.1333,104.1667,74.23,95,100,2.13,light rain,2021-01-17 16:29:48
414,Nenjiang,CN,49.1833,125.2167,-24.29,83,51,5.12,broken clouds,2021-01-17 16:29:48
415,Atar,MR,20.5169,-13.0499,78.8,22,100,16.11,sand,2021-01-17 16:29:48
416,Takoradi,GH,4.8845,-1.7554,83.21,69,5,9.55,light rain,2021-01-17 16:29:48
417,Piracanjuba,BR,-17.3028,-49.0167,75.97,79,100,6.69,light rain,2021-01-17 16:29:49
418,Yulara,AU,-25.2406,130.9889,73.4,21,0,17.27,clear sky,2021-01-17 16:29:49
419,Santiago Del Estero,AR,-27.7951,-64.2615,82.99,47,13,4.0,few clouds,2021-01-17 16:29:49
420,Abha,SA,18.2164,42.5053,60.8,72,0,6.91,clear sky,2021-01-17 16:27:47
421,Agua Dulce,MX,18.1333,-94.1333,73.4,64,75,9.22,broken clouds,2021-01-17 16:29:49
422,Chabahar,IR,25.2919,60.643,70.9,75,0,10.96,clear sky,2021-01-17 16:29:49
423,Latung,PH,5.5,120.8833,77.72,87,100,20.76,heavy intensity rain,2021-01-17 16:29:49
424,Tyret Pervaya,RU,53.6703,102.3106,0.81,93,100,11.07,light snow,2021-01-17 16:29:49
425,Saskylakh,RU,71.9167,114.0833,-29.06,84,64,6.02,broken clouds,2021-01-17 16:29:49
426,Pajapan,MX,18.25,-94.7,73.4,64,75,9.22,broken clouds,2021-01-17 16:29:49
427,Rabo De Peixe,PT,37.8,-25.5833,63.0,88,40,16.11,scattered clouds,2021-01-17 16:29:49
428,Cururupu,BR,-1.8283,-44.8683,91.15,49,48,6.55,scattered clouds,2021-01-17 16:29:49
429,Cocorit,MX,27.5833,-109.9667,68.74,25,0,2.17,clear sky,2021-01-17 16:29:50
430,Longyearbyen,SJ,78.2186,15.6401,23.0,74,75,32.21,snow,2021-01-17 16:29:50
431,Novoagansk,RU,61.9449,76.6625,-3.1,91,100,12.41,overcast clouds,2021-01-17 16:29:50
432,Lumeje,AO,-11.55,20.7833,76.01,76,65,4.81,light rain,2021-01-17 16:29:50
433,Mahibadhoo,MV,3.7833,72.9667,82.4,72,0,7.94,clear sky,2021-01-17 16:29:50
434,Ambanja,MG,-13.6833,48.45,79.18,87,70,2.06,moderate rain,2021-01-17 16:29:50
435,Kingsport,US,36.5484,-82.5618,37.0,69,90,9.22,overcast clouds,2021-01-17 16:26:03
436,Grants,US,35.1473,-107.8514,24.8,54,1,8.05,clear sky,2021-01-17 16:27:36
437,Zambezi,ZM,-13.5432,23.1047,77.38,72,100,3.02,overcast clouds,2021-01-17 16:29:50
438,Kulhudhuffushi,MV,6.6221,73.07,81.82,79,6,10.07,clear sky,2021-01-17 16:29:50
439,Golden,US,39.7555,-105.2211,35.01,47,75,5.75,broken clouds,2021-01-17 16:29:50
440,Jalu,LY,29.0331,21.5482,57.25,55,3,10.83,clear sky,2021-01-17 16:29:51
441,Kaduy,RU,59.2,37.15,1.4,85,90,6.71,light snow,2021-01-17 16:29:51
442,Hailar,CN,49.2,119.7,-22.9,85,59,6.73,broken clouds,2021-01-17 16:29:51
443,Jamsa,FI,61.8642,25.19,23.0,100,90,3.44,overcast clouds,2021-01-17 16:29:51
444,Gwanda,ZW,-20.9333,29.0,78.06,71,98,8.37,moderate rain,2021-01-17 16:29:51
445,Jibuti,DJ,11.5,42.5,77.0,73,1,3.44,clear sky,2021-01-17 16:29:51
446,Gurupi,BR,-11.7292,-49.0686,85.86,63,100,3.65,light rain,2021-01-17 16:27:42
447,Placer,US,39.0666,-120.7677,52.0,43,0,3.0,clear sky,2021-01-17 16:29:51
448,Abbeville,FR,50.1,1.8333,42.01,84,81,7.4,broken clouds,2021-01-17 16:29:51
449,Xinqing,CN,48.2333,129.5,-12.26,89,100,0.74,overcast clouds,2021-01-17 16:29:51
450,Aklavik,CA,68.2191,-135.0107,-16.6,76,75,3.44,broken clouds,2021-01-17 16:29:51
451,Leningradskiy,RU,69.3833,178.4167,-22.76,85,68,4.76,broken clouds,2021-01-17 16:29:51
452,Ahipara,NZ,-35.1667,173.1667,64.35,86,3,9.1,clear sky,2021-01-17 16:29:52
453,Kadaya,RU,50.9327,119.2911,-26.79,81,50,4.92,scattered clouds,2021-01-17 16:29:52
454,Mehamn,NO,71.0357,27.8492,37.4,81,75,13.8,broken clouds,2021-01-17 16:29:52
455,Winton,US,37.3894,-120.6133,46.0,100,1,4.12,fog,2021-01-17 16:29:52
456,Avinurme,EE,58.9822,26.8642,12.99,89,96,8.01,overcast clouds,2021-01-17 16:29:52
457,Bara,NG,10.3744,10.7288,93.6,11,32,5.93,scattered clouds,2021-01-17 16:29:52
458,Tual,ID,-5.6667,132.75,82.72,80,100,18.63,overcast clouds,2021-01-17 16:29:52
459,Seoul,KR,37.5683,126.9778,23.0,93,75,3.44,broken clouds,2021-01-17 16:29:52
460,Sale,MA,34.0389,-6.8166,59.0,77,75,3.44,broken clouds,2021-01-17 16:29:52
461,Camabatela,AO,-8.1881,15.375,75.11,64,24,5.12,few clouds,2021-01-17 16:29:52
462,Namtsy,RU,62.7161,129.6658,-50.8,58,90,2.84,fog,2021-01-17 16:29:52
463,Airai,TL,-8.9266,125.4092,61.77,100,100,0.92,heavy intensity rain,2021-01-17 16:29:53
464,Taitung,TW,22.7583,121.1444,59.09,74,100,13.98,overcast clouds,2021-01-17 16:29:53
465,Mancora,PE,-4.1078,-81.0475,87.8,48,0,12.66,clear sky,2021-01-17 16:29:53
466,Necochea,AR,-38.5473,-58.7368,62.01,89,83,26.73,broken clouds,2021-01-17 16:29:53
467,Huarmey,PE,-10.0681,-78.1522,75.9,67,35,11.77,scattered clouds,2021-01-17 16:29:53
468,Karratha,AU,-20.7377,116.8463,92.35,41,90,7.67,overcast clouds,2021-01-17 16:29:53
469,Shache,CN,38.4167,77.2406,23.11,78,22,4.94,few clouds,2021-01-17 16:29:53
470,San Policarpo,PH,12.1791,125.5072,79.68,84,100,11.92,overcast clouds,2021-01-17 16:29:53
471,Vung Tau,VN,10.346,107.0843,75.07,74,89,5.5,overcast clouds,2021-01-17 16:29:53
472,Sinjai,ID,-5.1241,120.253,75.79,79,100,4.68,overcast clouds,2021-01-17 16:29:53
473,Porto Nacional,BR,-10.7081,-48.4172,86.0,70,40,9.22,scattered clouds,2021-01-17 16:29:53
474,Krasnoselkup,RU,65.7,82.4667,-5.22,90,100,19.93,overcast clouds,2021-01-17 16:29:53
475,Matamoros,MX,25.5333,-103.25,55.4,22,1,4.38,clear sky,2021-01-17 16:29:54
476,Geilo,NO,60.5333,8.2076,6.01,79,42,6.53,scattered clouds,2021-01-17 16:29:54
477,Skibbereen,IE,51.55,-9.2667,42.8,87,75,8.05,broken clouds,2021-01-17 16:29:54
478,Teyateyaneng,LS,-29.1472,27.7489,76.55,30,0,7.85,clear sky,2021-01-17 16:29:54
479,Angoche,MZ,-16.2325,39.9086,83.12,80,86,15.64,light rain,2021-01-17 16:29:54
480,Groton,US,41.3501,-72.0784,42.01,60,75,24.16,broken clouds,2021-01-17 16:29:54
481,Kibala,TD,9.1104,18.3463,95.0,15,0,6.91,clear sky,2021-01-17 16:29:54
482,Caceres,ES,39.522,-6.3748,59.0,46,12,1.99,few clouds,2021-01-17 16:29:54
483,High Level,CA,58.5169,-117.136,6.8,92,90,2.3,fog,2021-01-17 16:29:54
484,Duobao,CN,30.67,112.6895,37.99,69,0,7.45,clear sky,2021-01-17 16:29:54
485,Los Llanos De Aridane,ES,28.6585,-17.9182,68.0,56,75,4.61,broken clouds,2021-01-17 16:29:54
486,Ellensburg,US,46.9965,-120.5479,44.6,70,75,14.97,broken clouds,2021-01-17 16:29:54
487,Madimba,TZ,-10.4,40.3333,84.2,74,20,13.8,few clouds,2021-01-17 16:29:55
488,Sulphur,US,30.2366,-93.3774,59.0,36,1,5.75,clear sky,2021-01-17 16:29:55
489,Komsomolskiy,UZ,40.4272,71.7189,37.4,65,87,2.3,mist,2021-01-17 16:29:55
490,Carutapera,BR,-1.195,-46.02,88.5,55,28,8.61,scattered clouds,2021-01-17 16:29:55
491,Rocha,UY,-34.4833,-54.3333,75.18,52,72,16.84,broken clouds,2021-01-17 16:25:06
492,Pandan,PH,14.0453,124.1694,78.6,84,89,12.41,overcast clouds,2021-01-17 16:29:55
493,Capaci,IT,38.1711,13.2393,57.2,82,75,28.77,broken clouds,2021-01-17 16:29:55
494,Tselinnoye,RU,53.0833,85.6667,11.62,95,96,7.74,overcast clouds,2021-01-17 16:29:55
495,Jambi,ID,-1.6,103.6167,75.33,95,100,5.17,moderate rain,2021-01-17 16:29:55
496,Miles City,US,46.4083,-105.8406,23.0,74,90,4.61,overcast clouds,2021-01-17 16:29:48
497,Vila Do Maio,CV,15.1333,-23.2167,78.8,53,12,18.41,few clouds,2021-01-17 16:29:55
498,Cayenne,GF,4.9333,-52.3333,84.2,84,75,14.97,broken clouds,2021-01-17 16:25:18
499,Ishigaki,JP,24.3448,124.1572,59.65,76,92,27.0,overcast clouds,2021-01-17 16:29:56
500,Batagay-Alyta,RU,67.8006,130.4114,-33.05,82,100,1.48,overcast clouds,2021-01-17 16:29:56
501,Banda Aceh,ID,5.5577,95.3222,78.75,85,37,10.85,heavy intensity rain,2021-01-17 16:29:56
502,Aviles,ES,43.5547,-5.9248,57.99,76,75,4.61,broken clouds,2021-01-17 16:29:56
503,Tomatlan,MX,19.9333,-105.25,80.67,34,20,2.3,few clouds,2021-01-17 16:29:56
504,Las Palmas,ES,28.4204,-14.0131,66.2,63,0,5.75,clear sky,2021-01-17 16:29:56
505,Qurayyat,SA,31.3318,37.3428,57.2,35,40,6.91,scattered clouds,2021-01-17 16:29:56
506,Hopelchen,MX,19.7667,-89.85,68.0,68,75,11.5,broken clouds,2021-01-17 16:29:56
507,Le Port,RE,-20.9373,55.2919,80.6,74,0,17.27,clear sky,2021-01-17 16:29:56
508,Cidreira,BR,-30.1811,-50.2056,82.58,76,98,8.14,overcast clouds,2021-01-17 16:29:56
509,Malindi,KE,-3.2175,40.1191,78.53,83,45,11.88,scattered clouds,2021-01-17 16:29:56
510,Willowmore,ZA,-33.2926,23.4895,80.4,29,0,6.2,clear sky,2021-01-17 16:29:57
511,Ariquemes,BR,-9.9133,-63.0408,82.85,87,83,2.26,broken clouds,2021-01-17 16:29:57
512,Tokur,RU,53.1333,132.9,-23.93,88,100,3.04,overcast clouds,2021-01-17 16:29:57
513,Cacule,BR,-14.5033,-42.2222,85.68,44,27,9.35,scattered clouds,2021-01-17 16:29:57
514,Rio Claro,BR,-22.4114,-47.5614,84.2,61,75,6.91,broken clouds,2021-01-17 16:28:47
515,Yatou,CN,37.15,122.3833,28.56,82,36,10.27,scattered clouds,2021-01-17 16:29:57
516,Victor Harbor,AU,-35.5667,138.6167,57.99,85,11,1.01,few clouds,2021-01-17 16:29:57
517,Praya,CV,14.9215,-23.5087,78.8,53,1,18.41,clear sky,2021-01-17 16:29:57
518,Leshukonskoye,RU,64.8989,45.7622,-0.42,93,100,2.48,overcast clouds,2021-01-17 16:29:57
519,Tangshan,CN,39.6333,118.1833,22.39,67,13,6.46,few clouds,2021-01-17 16:29:57
520,Codrington,AU,-38.2667,141.9667,57.94,83,100,8.61,overcast clouds,2021-01-17 16:29:58
521,Urrao,CO,6.3152,-76.1342,66.99,64,52,1.99,broken clouds,2021-01-17 16:29:58
522,Chicama,PE,-7.8447,-79.1469,68.0,83,0,10.36,clear sky,2021-01-17 16:29:58
523,Port Hedland,AU,-20.3167,118.5667,86.0,70,40,5.75,scattered clouds,2021-01-17 16:29:58
524,Caucaia,BR,-3.7361,-38.6531,87.8,58,40,18.41,scattered clouds,2021-01-17 16:25:41
525,Lincoln,US,40.8,-96.667,36.0,60,1,17.27,clear sky,2021-01-17 16:29:56
526,Xichang,CN,27.8964,102.2634,42.01,47,96,0.34,light rain,2021-01-17 16:29:58
527,Linxia,CN,35.6003,103.2064,26.04,63,0,1.41,clear sky,2021-01-17 16:29:58
528,Southbridge,US,42.0751,-72.0334,41.0,48,1,8.01,clear sky,2021-01-17 16:29:58
529,Korablino,RU,53.9164,40.0133,-7.28,90,97,4.7,overcast clouds,2021-01-17 16:29:58
530,Babstovo,RU,48.1167,132.4833,-4.65,92,100,3.87,overcast clouds,2021-01-17 16:29:58
531,Chapais,CA,49.7834,-74.8492,24.8,93,90,6.91,light snow,2021-01-17 16:29:59
532,Gudalur,IN,9.6833,77.2667,69.73,83,76,3.0,broken clouds,2021-01-17 16:29:59
533,Adrar,MR,20.5022,-10.0711,74.82,16,80,17.63,broken clouds,2021-01-17 16:29:59
534,Kifri,IQ,34.6959,44.9661,57.6,47,1,6.13,clear sky,2021-01-17 16:29:59
535,Maniitsoq,GL,65.4167,-52.9,20.39,92,100,21.59,light snow,2021-01-17 16:29:59
536,Jojoima,SL,7.8792,-10.7878,92.52,17,2,4.03,clear sky,2021-01-17 16:29:59
537,Sur,OM,22.5667,59.5289,67.15,64,0,1.59,clear sky,2021-01-17 16:29:59
538,Longwy,FR,49.5194,5.7688,35.01,91,100,1.01,overcast clouds,2021-01-17 16:29:59
539,Robertsport,LR,6.7533,-11.3686,82.17,71,0,9.46,clear sky,2021-01-17 16:29:59
540,Bac Lieu,VN,9.285,105.7244,74.52,77,23,12.77,few clouds,2021-01-17 16:29:59
541,Marzuq,YE,14.4,46.4667,66.09,46,53,4.03,broken clouds,2021-01-17 16:29:59
542,Bonfim,BR,3.0833,-59.95,84.2,70,40,13.8,scattered clouds,2021-01-17 16:29:59
543,Kologriv,RU,58.8275,44.3178,-9.56,89,48,3.6,scattered clouds,2021-01-17 16:29:59
544,Saint Augustine,US,29.8947,-81.3145,55.99,43,1,6.91,clear sky,2021-01-17 16:30:00
545,Dalbandin,PK,28.8947,64.4101,58.53,26,0,4.03,clear sky,2021-01-17 16:30:00
546,Alugan,PH,12.2188,125.4808,79.18,86,100,11.48,overcast clouds,2021-01-17 16:30:00
547,Baykit,RU,61.67,96.37,-21.6,82,100,6.17,snow,2021-01-17 16:30:00
548,La Ronge,CA,55.1001,-105.2842,3.2,78,99,8.05,overcast clouds,2021-01-17 16:30:00
549,Kruisfontein,ZA,-34.0033,24.7314,72.0,74,57,4.0,broken clouds,2021-01-17 16:30:00
550,Mayo,US,38.8876,-76.5119,45.0,52,1,11.5,clear sky,2021-01-17 16:30:00
551,Itarema,BR,-2.9248,-39.9167,87.93,57,21,16.08,few clouds,2021-01-17 16:30:00
552,Ubrique,ES,36.6778,-5.446,62.6,55,0,3.44,clear sky,2021-01-17 16:30:00
553,Klaksvik,FO,62.2266,-6.589,39.2,87,75,5.75,broken clouds,2021-01-17 16:30:01
554,Mokolo,CM,10.7398,13.8019,91.4,16,0,7.05,clear sky,2021-01-17 16:30:01
555,Mafinga,TZ,-7.25,35.0667,71.92,79,77,3.02,broken clouds,2021-01-17 16:30:01
556,Prado,BR,-17.3411,-39.2208,83.16,57,3,8.75,clear sky,2021-01-17 16:25:01
557,Natal,BR,-5.795,-35.2094,84.2,65,75,18.41,broken clouds,2021-01-17 16:30:01
558,Miyako,JP,39.6367,141.9525,25.74,86,0,6.53,clear sky,2021-01-17 16:30:01
559,Jerome,US,42.7241,-114.5186,33.8,93,90,8.05,overcast clouds,2021-01-17 16:30:02
560,Peniche,PT,39.3558,-9.3811,61.0,60,53,5.99,broken clouds,2021-01-17 16:30:02
561,Brora,GB,58.0099,-3.8518,42.8,75,75,13.8,broken clouds,2021-01-17 16:30:02
562,Lasa,IT,46.6166,10.7002,33.01,74,90,6.91,light snow,2021-01-17 16:30:02
563,Varkkallai,IN,8.7341,76.7067,82.4,78,20,5.06,mist,2021-01-17 16:30:02
564,Pontianak,ID,-0.0333,109.3333,78.8,89,90,3.44,overcast clouds,2021-01-17 16:30:02
565,Wynyard,AU,-41.0,145.7167,57.52,86,98,12.24,overcast clouds,2021-01-17 16:30:03
566,Armizonskoye,RU,55.9461,67.6736,13.44,95,100,17.47,overcast clouds,2021-01-17 16:30:05
567,Roseburg,US,43.2165,-123.3417,42.8,87,40,4.61,scattered clouds,2021-01-17 16:27:46
568,Mandalgovi,MN,45.7625,106.2708,7.2,83,0,4.7,clear sky,2021-01-17 16:30:05
569,Stornoway,GB,58.2093,-6.3865,43.0,93,40,11.5,scattered clouds,2021-01-17 16:30:06
570,Bajil,YE,15.0584,43.2851,78.51,60,73,7.94,broken clouds,2021-01-17 16:30:06
571,Nivala,FI,63.9167,24.9667,23.43,98,96,4.54,overcast clouds,2021-01-17 16:30:06
572,Port Lincoln,AU,-34.7333,135.8667,58.87,80,61,12.66,broken clouds,2021-01-17 16:30:06
573,Aginskoye,RU,51.1,114.53,-19.37,78,0,5.66,clear sky,2021-01-17 16:30:06
574,Sampang,ID,-7.1872,113.2394,77.0,94,40,3.44,light rain,2021-01-17 16:30:07
575,Bolobo,CD,-2.1667,16.2333,81.37,62,43,1.41,scattered clouds,2021-01-17 16:30:07
576,Bassila,BJ,9.0081,1.6654,95.0,23,21,4.61,few clouds,2021-01-17 16:30:08
577,Kysyl-Syr,RU,63.8986,122.7617,-38.92,81,100,3.0,overcast clouds,2021-01-17 16:30:08
578,Zyryanka,RU,65.75,150.85,-38.06,82,100,3.65,overcast clouds,2021-01-17 16:30:10
579,Merauke,ID,-8.4667,140.3333,80.38,86,100,8.52,moderate rain,2021-01-17 16:30:11
580,Tankhoy,RU,51.5528,105.1306,14.29,89,96,7.36,light snow,2021-01-17 16:30:11
581,Front Royal,US,38.9182,-78.1944,43.0,65,1,4.61,clear sky,2021-01-17 16:30:10
582,Nampula,MZ,-15.1165,39.2666,87.8,55,75,8.05,moderate rain,2021-01-17 16:30:11
583,Shakawe,BW,-18.3667,21.85,71.85,88,100,8.46,light rain,2021-01-17 16:30:11
584,Huilong,CN,31.8111,121.655,37.99,49,0,1.99,clear sky,2021-01-17 16:30:11
585,Raudeberg,NO,61.9875,5.1352,41.0,87,75,20.71,light rain,2021-01-17 16:30:11
586,Usogorsk,RU,63.4106,48.6872,-4.07,90,100,3.71,overcast clouds,2021-01-17 16:30:11
587,Plettenberg Bay,ZA,-34.0527,23.3716,68.16,81,17,10.67,few clouds,2021-01-17 16:30:12
588,Ust-Nera,RU,64.5667,143.2,-38.9,70,39,5.3,scattered clouds,2021-01-17 16:30:12
589,Wanaka,NZ,-44.7,169.15,51.01,81,96,5.01,overcast clouds,2021-01-17 16:30:12
590,Wilmington,US,34.2257,-77.9447,48.0,46,1,6.91,clear sky,2021-01-17 16:26:32
591,Chokwe,MZ,-24.5333,32.9833,77.74,77,100,10.63,overcast clouds,2021-01-17 16:30:12
592,Hirara,JP,24.8,125.2833,59.58,75,98,26.13,overcast clouds,2021-01-17 16:30:13
593,Pochutla,MX,15.7432,-96.4661,81.0,61,40,4.74,scattered clouds,2021-01-17 16:30:14
594,Puerto Narino,CO,-3.7703,-70.3831,89.6,66,20,6.91,few clouds,2021-01-17 16:30:14
595,Pangai,TO,-19.8,-174.35,80.82,76,100,2.15,overcast clouds,2021-01-17 16:30:14
596,Hualmay,PE,-11.0964,-77.6139,76.15,66,50,13.76,scattered clouds,2021-01-17 16:30:14
597,Garissa,KE,-0.4536,39.6401,89.51,35,99,9.42,overcast clouds,2021-01-17 16:30:14
598,Hearst,CA,49.6835,-83.6665,3.2,85,60,4.61,broken clouds,2021-01-17 16:30:14
599,Nidamangalam,IN,10.7717,79.4145,68.83,85,18,7.58,few clouds,2021-01-17 16:30:14
600,Dunedin,NZ,-45.8742,170.5036,53.01,80,100,4.0,moderate rain,2021-01-17 16:30:14
601,Puerto Escondido,MX,15.85,-97.0667,82.65,57,28,3.96,scattered clouds,2021-01-17 16:30:14
602,Avera,US,33.194,-82.5271,46.4,46,1,12.66,clear sky,2021-01-17 16:27:49
603,Bokoro,TD,12.3807,17.0568,82.4,15,19,8.75,few clouds,2021-01-17 16:30:15
604,Hvolsvollur,IS,63.7533,-20.2243,37.4,87,40,25.32,scattered clouds,2021-01-17 16:30:15
605,Cap-Aux-Meules,CA,47.3821,-61.8597,37.4,93,96,23.02,overcast clouds,2021-01-17 16:30:15
606,Itanagar,IN,27.1,93.6167,60.04,63,0,3.56,clear sky,2021-01-17 16:30:16
607,Black Diamond,US,47.3087,-122.0032,45.0,98,99,0.51,overcast clouds,2021-01-17 16:29:55
608,Kizel,RU,59.0471,57.6477,-4.0,73,100,3.0,overcast clouds,2021-01-17 16:30:16
609,Anadyr,RU,64.75,177.4833,-7.6,71,20,11.18,light snow,2021-01-17 16:30:16
610,Yuanping,CN,38.7153,112.7575,19.31,64,0,2.73,clear sky,2021-01-17 16:30:16
611,Sabang,ID,5.8933,95.3214,82.02,80,9,18.5,light rain,2021-01-17 16:30:16
612,Opole Lubelskie,PL,51.1478,21.969,12.0,83,100,1.99,overcast clouds,2021-01-17 16:30:16
613,Krasnaya Poyma,RU,55.0014,39.08,-11.0,79,56,3.53,broken clouds,2021-01-17 16:30:16
614,Seymchan,RU,62.8833,152.4333,-30.41,82,100,2.77,overcast clouds,2021-01-17 16:30:16
615,Kurumkan,RU,54.3,110.3,-27.06,69,12,2.71,few clouds,2021-01-17 16:30:16
616,Tyukalinsk,RU,55.8732,72.1967,14.56,94,87,18.01,overcast clouds,2021-01-17 16:30:16
617,Tazovskiy,RU,67.4667,78.7,-13.59,89,100,18.32,light snow,2021-01-17 16:30:16
618,Campo Maior,BR,-4.8278,-42.1686,85.68,69,76,1.52,broken clouds,2021-01-17 16:30:17
619,Chumikan,RU,54.7183,135.315,-21.17,77,90,7.58,overcast clouds,2021-01-17 16:30:17
620,Maamba,ZM,-17.3667,27.15,74.34,88,100,0.81,light rain,2021-01-17 16:30:17
621,Gamba,GA,-2.65,10.0,79.92,78,48,8.52,scattered clouds,2021-01-17 16:30:17
622,Vestmanna,FO,62.1564,-7.1664,39.2,87,75,5.75,light rain,2021-01-17 16:30:17
623,Amapa,BR,1.0,-52.0,83.16,78,30,3.71,scattered clouds,2021-01-17 16:30:17
624,Reze,FR,47.1814,-1.5497,48.2,66,0,4.61,clear sky,2021-01-17 16:30:17
625,Lere,NG,10.387,8.5726,83.23,15,1,5.01,clear sky,2021-01-17 16:30:17
626,Champerico,GT,14.3,-91.9167,82.4,78,40,4.61,scattered clouds,2021-01-17 16:30:18
627,Antofagasta,CL,-23.65,-70.4,72.0,60,20,11.5,few clouds,2021-01-17 16:30:18
628,Sechura,PE,-5.5569,-80.8222,82.09,53,74,8.34,broken clouds,2021-01-17 16:30:18
629,Baruun-Urt,MN,46.6806,113.2792,-14.49,89,12,7.14,few clouds,2021-01-17 16:30:18
630,George Town,MY,5.4112,100.3354,82.4,65,40,9.22,scattered clouds,2021-01-17 16:30:18
631,Otukpo,NG,7.1913,8.1329,95.77,17,30,4.07,scattered clouds,2021-01-17 16:30:18
632,Jining,CN,35.405,116.5814,30.43,76,0,7.99,clear sky,2021-01-17 16:30:19
633,Rassvet,RU,46.8333,40.75,21.29,97,100,19.13,snow,2021-01-17 16:30:19
634,Puri,IN,19.8,85.85,68.0,83,0,4.61,mist,2021-01-17 16:30:19
635,Eydhafushi,MV,5.1033,73.0708,82.51,72,0,10.89,clear sky,2021-01-17 16:30:19
636,Suntar,RU,62.1444,117.6319,-35.41,81,100,6.73,overcast clouds,2021-01-17 16:30:19
637,Egvekinot,RU,66.3167,-179.1667,-14.31,86,100,11.99,overcast clouds,2021-01-17 16:30:19
638,Xai-Xai,MZ,-25.0519,33.6442,78.98,79,99,14.97,overcast clouds,2021-01-17 16:30:19
639,Cochabamba,BO,-17.3895,-66.1568,55.4,100,90,9.22,moderate rain,2021-01-17 16:30:19
640,Iquitos,PE,-3.7481,-73.2472,89.6,58,20,9.22,few clouds,2021-01-17 16:29:34
641,Lloydminster,CA,53.2835,-110.0016,26.6,93,90,10.36,light snow,2021-01-17 16:25:52
642,Raxaul,IN,26.9833,84.85,59.49,63,0,3.53,clear sky,2021-01-17 16:30:19
643,Filingue,NE,14.3521,3.3168,87.64,12,100,6.91,overcast clouds,2021-01-17 16:30:19
644,Kikwit,CD,-5.041,18.8162,78.51,73,100,1.74,light rain,2021-01-17 16:30:19
645,Poum,NC,-20.2333,164.0167,81.52,84,100,9.46,moderate rain,2021-01-17 16:30:20
646,Maumere,ID,-8.6199,122.2111,79.77,82,99,10.11,moderate rain,2021-01-17 16:30:20
647,Acapulco,MX,16.8634,-99.8901,82.4,69,40,3.02,scattered clouds,2021-01-17 16:30:20
648,Uchaly,RU,54.2996,59.4521,-5.67,88,22,7.58,few clouds,2021-01-17 16:30:20
649,Puerto Baquerizo Moreno,EC,-0.9,-89.6,82.4,74,20,10.36,few clouds,2021-01-17 16:30:20
650,Kozluk,TR,38.1938,41.4885,46.4,87,75,4.61,heavy intensity rain,2021-01-17 16:30:20
651,Margate,GB,51.3813,1.3862,43.0,80,62,1.99,broken clouds,2021-01-17 16:30:20
652,Sistranda,NO,63.7256,8.834,26.6,80,40,20.71,scattered clouds,2021-01-17 16:30:20
653,Kouvola,FI,60.8667,26.7,19.99,93,90,4.61,overcast clouds,2021-01-17 16:30:20
654,Zamboanguita,PH,9.1025,123.1996,82.4,78,75,6.91,moderate rain,2021-01-17 16:30:20
655,Kahului,US,20.8947,-156.47,71.6,83,40,3.44,light rain,2021-01-17 16:30:21
656,Fairbanks,US,64.8378,-147.7164,8.6,92,90,2.64,overcast clouds,2021-01-17 16:30:02
657,Maputo,MZ,-25.9653,32.5892,82.0,74,75,16.11,broken clouds,2021-01-17 16:30:21
658,Kigoma,TZ,-4.8769,29.6267,82.4,69,20,8.05,light rain,2021-01-17 16:30:21
659,Kitui,KE,-1.367,38.0106,67.26,89,92,3.98,overcast clouds,2021-01-17 16:30:21
660,Kasongo,CD,-4.45,26.6667,72.41,87,87,1.16,overcast clouds,2021-01-17 16:30:21
661,Honningsvag,NO,70.9821,25.9704,37.4,81,75,13.8,broken clouds,2021-01-17 16:30:21
662,Ilam,NP,26.9167,87.9167,52.23,65,0,4.05,clear sky,2021-01-17 16:30:21
663,Xining,CN,36.6167,101.7667,16.75,61,0,2.73,clear sky,2021-01-17 16:30:21
664,San Ramon,US,37.7799,-121.978,55.99,71,1,3.15,clear sky,2021-01-17 16:30:08
665,Atbasar,KZ,51.8,68.3333,16.36,95,87,14.16,overcast clouds,2021-01-17 16:30:22
666,Gat,IL,31.61,34.7642,60.01,58,54,3.0,light rain,2021-01-17 16:29:05
667,Palmital,BR,-22.7889,-50.2175,70.16,96,100,7.29,overcast clouds,2021-01-17 16:30:22
668,Chapada Dos Guimaraes,BR,-15.4606,-55.7497,75.2,94,75,10.36,moderate rain,2021-01-17 16:30:22
669,Majene,ID,-3.5403,118.9707,79.56,68,100,5.93,overcast clouds,2021-01-17 16:30:22
670,Puerto Cabezas,NI,14.0351,-83.3888,84.2,84,75,9.22,broken clouds,2021-01-17 16:30:22
671,Beyneu,KZ,45.3167,55.2,35.87,82,98,12.82,overcast clouds,2021-01-17 16:30:22
672,Kaeo,NZ,-35.1,173.7833,60.01,94,9,3.0,clear sky,2021-01-17 16:30:22
673,La Primavera,CO,5.4906,-70.4092,90.36,44,42,13.6,scattered clouds,2021-01-17 16:30:22
674,Husavik,IS,66.0449,-17.3389,33.8,80,75,3.44,snow,2021-01-17 16:30:23
675,Mitchell,US,43.7094,-98.0298,32.0,69,90,16.11,overcast clouds,2021-01-17 16:30:23
676,Praxedis Guerrero,MX,31.3667,-106.0167,46.99,26,40,5.75,scattered clouds,2021-01-17 16:30:23
677,Sorland,NO,67.667,12.6934,37.4,81,75,9.22,broken clouds,2021-01-17 16:30:23
678,Riyadh,SA,24.6877,46.7219,77.0,27,0,6.91,clear sky,2021-01-17 16:29:12
679,Vila Franca Do Campo,PT,37.7167,-25.4333,63.0,88,40,16.11,light rain,2021-01-17 16:30:25
680,Mikhaylovka,RU,50.06,43.2379,3.99,86,100,5.64,overcast clouds,2021-01-17 16:30:25
681,Boddam,GB,57.4667,-1.7833,41.0,75,74,10.36,broken clouds,2021-01-17 16:30:25
682,Zavallya,UA,48.2135,30.0156,16.97,91,93,3.42,overcast clouds,2021-01-17 16:30:25
683,Sisimiut,GL,66.9395,-53.6735,18.43,92,100,25.03,light snow,2021-01-17 16:30:25
684,Russell,US,32.3502,-85.1999,48.0,57,20,6.13,few clouds,2021-01-17 16:30:25
685,Caravelas,BR,-17.7125,-39.2481,84.07,57,59,9.8,broken clouds,2021-01-17 16:30:26
686,Hervey Bay,AU,-25.2986,152.8535,75.99,82,66,1.01,broken clouds,2021-01-17 16:30:26
687,Porto Franco,BR,-6.3383,-47.3992,87.53,61,46,5.68,light rain,2021-01-17 16:30:26
688,Carballo,ES,43.213,-8.691,55.0,86,77,1.14,broken clouds,2021-01-17 16:30:26
689,Maneromango,TZ,-7.1988,38.7848,84.2,79,20,13.8,few clouds,2021-01-17 16:30:26
690,Vidalia,US,32.2177,-82.4135,48.2,46,1,6.91,clear sky,2021-01-17 16:30:27
